#,Name (Original),Name,Team,Name (Team),Year,Position,G,PA,PA/G,Qualified,AB,R,R/PA,H,1B,2B,3B,HR,RBI,BB,BB%,K,K%,TTO,TTO%,SB,CS,AVG,BABIP,OBP,SLG,OPS,ISO,HBP,SF,SH,TB,XBH,HDP,GO,FO,GO/FO,RC
31,"Nicholas
                                                                        Weyrich",Nicholas Weyrich,CCY,Nicholas Weyrich (CCY),Jr,RHP,3,15,5.00,Yes,13,2,0.13,2,2,0,0,0,1,1,6.67%,7,46.67%,8,53.33%,0,0,0.154,0.286,0.200,0.154,0.354,0.000,0,1,0,2,0,0,2,3,0.67,0.56
10,"Louis
                                                                        Florida",Louis Florida,CCY,Louis Florida (CCY),Jr,OF,3,15,5.00,Yes,11,3,0.20,4,4,0,0,0,2,1,6.67%,4,26.67%,5,33.33%,3,1,0.364,0.571,0.533,0.364,0.897,0.000,3,0,0,4,0,0,2,0,-,3.08
19,"Jacob
                                                                        Baller",Jacob Baller,CCY,Jacob Baller (CCY),So,IF,3,14,4.67,Yes,11,1,0.07,2,1,1,0,0,1,2,14.29%,3,21.43%,5,35.71%,0,0,0.182,0.250,0.357,0.273,0.630,0.091,1,0,0,3,1,0,4,2,2.00,1.35
7,"Johnny
                                                                        Costella",Johnny Costella,CCY,Johnny Costella (CCY),Fr,IF,3,13,4.33,Yes,10,2,0.15,3,3,0,0,0,2,2,15.38%,2,15.38%,4,30.77%,1,1,0.300,0.375,0.417,0.300,0.717,0.000,0,0,1,3,0,1,3,0,-,1.05
4,"Evan
                                                                        Houseman",Evan Houseman,CCY,Evan Houseman (CCY),Jr,OF,3,14,4.67,Yes,10,4,0.29,4,4,0,0,0,2,3,21.43%,1,7.14%,4,28.57%,0,1,0.400,0.444,0.538,0.400,0.938,0.000,0,0,1,4,0,1,4,0,-,1.89
34,"Will
                                                                        Balgo",Will Balgo,CCY,Will Balgo (CCY),So,IF,2,9,4.50,Yes,7,0,0.00,1,1,0,0,0,2,1,11.11%,2,22.22%,3,33.33%,0,0,0.143,0.200,0.333,0.143,0.476,0.000,1,0,0,1,0,0,2,2,1.00,0.51
17,"Salvador
                                                                        Diaz",Salvador Diaz,CCY,Salvador Diaz (CCY),Jr,C,2,9,4.50,Yes,7,2,0.22,3,1,1,1,0,2,1,11.11%,1,11.11%,2,22.22%,0,0,0.429,0.500,0.556,0.857,1.413,0.428,1,0,0,6,2,0,1,2,0.50,3.62
16,"Ben
                                                                        Major",Ben Major,CCY,Ben Major (CCY),Fr,OF,2,9,4.50,Yes,6,3,0.33,2,1,0,0,1,1,2,22.22%,3,33.33%,6,66.67%,2,0,0.333,0.500,0.556,0.833,1.389,0.500,1,0,0,5,1,0,1,0,-,3.79
1,"Nate
                                                                        Miller",Nate Miller,CCY,Nate Miller (CCY),Jr,C,3,7,2.33,No,6,0,0.00,2,2,0,0,0,2,0,0.00%,0,0.00%,0,0.00%,1,0,0.333,0.333,0.333,0.333,0.666,0.000,0,0,1,2,0,0,2,2,1.00,0.87
21,"Ray
                                                                        Hawkins",Ray Hawkins,CCY,Ray Hawkins (CCY),Fr,OF,1,5,5.00,Yes,5,0,0.00,0,0,0,0,0,0,0,0.00%,2,40.00%,2,40.00%,0,0,0.000,0.000,0.000,0.000,0.000,0.000,0,0,0,0,0,0,3,0,-,0.00
22,"Preston
                                                                        Steele",Preston Steele,CCY,Preston Steele (CCY),Jr,IF,2,7,3.50,Yes,5,4,0.57,4,3,1,0,0,0,1,14.29%,0,0.00%,1,14.29%,1,0,0.800,0.800,0.857,1.000,1.857,0.200,1,0,0,5,1,0,1,0,-,5.18
12,"Caden
                                                                        Miller",Caden Miller,CCY,Caden Miller (CCY),Fr,C,1,4,4.00,Yes,4,0,0.00,0,0,0,0,0,0,0,0.00%,0,0.00%,0,0.00%,0,0,0.000,0.000,0.000,0.000,0.000,0.000,0,0,0,0,0,0,0,4,-,0.00
18,"Justin
                                                                        Maurer",Justin Maurer,CCY,Justin Maurer (CCY),Jr,IF,1,5,5.00,Yes,3,1,0.20,1,1,0,0,0,0,0,0.00%,0,0.00%,0,0.00%,0,0,0.333,0.333,0.600,0.333,0.933,0.000,2,0,0,1,0,0,1,1,1.00,0.91
26,"Felix
                                                                        Polanco",Felix Polanco,CHI,Felix Polanco (CHI),Jr,IF,2,8,4.00,Yes,7,0,0.00,2,2,0,0,0,1,0,0.00%,2,25.00%,2,25.00%,0,0,0.286,0.400,0.375,0.286,0.661,0.000,1,0,0,2,0,0,0,3,-,0.85
18,"Eric
                                                                        Colaco",Eric Colaco,CHI,Eric Colaco (CHI),Jr,OF,2,9,4.50,Yes,5,1,0.11,2,1,1,0,0,2,3,33.33%,2,22.22%,5,55.56%,1,1,0.400,0.667,0.667,0.600,1.267,0.200,1,0,0,3,1,0,0,1,-,2.53
10,"Graham
                                                                        Solak",Graham Solak,CHI,Graham Solak (CHI),Jr,IF,2,8,4.00,Yes,6,1,0.13,1,1,0,0,0,0,2,25.00%,2,25.00%,4,50.00%,0,0,0.167,0.250,0.375,0.167,0.542,0.000,0,0,0,1,0,1,3,0,-,0.38
8,"Alex
                                                                        Bemis",Alex Bemis,CHI,Alex Bemis (CHI),Fr,RHP,2,8,4.00,Yes,5,1,0.13,1,0,1,0,0,2,2,25.00%,1,12.50%,3,37.50%,0,0,0.200,0.250,0.500,0.400,0.900,0.200,1,0,0,2,1,2,3,0,-,0.70
7,"Clay
                                                                        Burdette",Clay Burdette,CHI,Clay Burdette (CHI),Fr,IF,2,5,2.50,No,5,0,0.00,0,0,0,0,0,0,0,0.00%,2,40.00%,2,40.00%,0,0,0.000,0.000,0.000,0.000,0.000,0.000,0,0,0,0,0,0,0,3,-,0.00
19,"Cole
                                                                        Raile",Cole Raile,CHI,Cole Raile (CHI),Fr,C,2,8,4.00,Yes,5,2,0.25,1,0,1,0,0,2,1,12.50%,0,0.00%,1,12.50%,1,0,0.200,0.200,0.500,0.400,0.900,0.200,2,0,0,2,1,0,2,2,1.00,1.65
1,"Alex
                                                                        Monile",Alex Monile,CHI,Alex Monile (CHI),Fr,OF,2,6,3.00,Yes,4,2,0.33,3,2,1,0,0,1,0,0.00%,0,0.00%,0,0.00%,0,0,0.750,0.750,0.833,1.000,1.833,0.250,2,0,0,4,1,0,1,0,-,3.77
33,"Ty
                                                                        Hatfield",Ty Hatfield,CHI,Ty Hatfield (CHI),Jr,IF,1,4,4.00,Yes,4,0,0.00,0,0,0,0,0,0,0,0.00%,1,25.00%,1,25.00%,0,0,0.000,0.000,0.000,0.000,0.000,0.000,0,0,0,0,0,0,1,2,0.50,0.00
21,"Samuel
                                                                        Fabian",Samuel Fabian,CHI,Samuel Fabian (CHI),Jr,IF,2,5,2.50,No,2,2,0.40,0,0,0,0,0,1,1,20.00%,0,0.00%,1,20.00%,0,0,0.000,0.000,0.400,0.000,0.400,0.000,1,1,0,0,0,0,1,2,0.50,0.42
12,"Trevor
                                                                        Coltenback",Trevor Coltenback,CHI,Trevor Coltenback (CHI),Jr,C,1,4,4.00,Yes,3,0,0.00,1,1,0,0,0,0,1,25.00%,0,0.00%,1,25.00%,0,0,0.333,0.333,0.500,0.333,0.833,0.000,0,0,0,1,0,0,2,0,-,0.63
14,"Ben
                                                                        Schechterman",Ben Schechterman,CHI,Ben Schechterman (CHI),Fr,LHP,1,3,3.00,Yes,2,0,0.00,0,0,0,0,0,0,1,33.33%,0,0.00%,1,33.33%,0,0,0.000,0.000,0.333,0.000,0.333,0.000,0,0,0,0,0,0,1,1,1.00,0.09
3,"Alex
                                                                        Richter",Alex Richter,CHI,Alex Richter (CHI),Jr,IF,1,3,3.00,Yes,1,2,0.67,0,0,0,0,0,1,2,66.67%,0,0.00%,2,66.67%,1,0,0.000,0.000,0.667,0.000,0.667,0.000,0,0,0,0,0,0,0,1,-,0.69
9,"Taft
                                                                        Middleton",Taft Middleton,DAN,Taft Middleton (DAN),Fr,IF,4,19,4.75,Yes,17,1,0.05,4,4,0,0,0,1,1,5.26%,4,21.05%,5,26.32%,2,0,0.235,0.286,0.263,0.235,0.498,0.000,0,1,0,4,0,0,4,5,0.80,1.53
12,"Michael
                                                                        Ryan",Michael Ryan,DAN,Michael Ryan (DAN),Fr,OF,4,20,5.00,Yes,14,3,0.15,5,3,2,0,0,4,3,15.00%,1,5.00%,4,20.00%,2,0,0.357,0.385,0.550,0.500,1.050,0.143,3,0,0,7,2,0,6,2,3.00,5.28
7,"Sebastian
                                                                        Arguelles",Sebastian Arguelles,DAN,Sebastian Arguelles (DAN),So,IF,4,18,4.50,Yes,15,1,0.06,5,3,2,0,0,1,2,11.11%,1,5.56%,3,16.67%,0,2,0.333,0.333,0.389,0.467,0.856,0.134,0,1,0,7,2,1,6,5,1.20,1.79
26,"Graham
                                                                        Mastros",Graham Mastros,DAN,Graham Mastros (DAN),Fr,IF,4,19,4.75,Yes,11,2,0.11,4,2,2,0,0,4,7,36.84%,3,15.79%,10,52.63%,2,1,0.364,0.444,0.579,0.545,1.124,0.181,0,1,0,6,2,0,1,3,0.33,4.94
16,"Aidan
                                                                        Rice",Aidan Rice,DAN,Aidan Rice (DAN),So,OF,4,18,4.50,Yes,15,2,0.11,2,1,1,0,0,0,3,16.67%,5,27.78%,8,44.44%,2,0,0.133,0.200,0.278,0.200,0.478,0.067,0,0,0,3,1,0,5,3,1.67,1.34
31,"Josh
                                                                        Davis",Josh Davis,DAN,Josh Davis (DAN),Jr,C,3,15,5.00,Yes,13,1,0.07,3,3,0,0,0,4,2,13.33%,3,20.00%,5,33.33%,0,0,0.231,0.300,0.333,0.231,0.564,0.000,0,0,0,3,0,1,4,3,1.33,0.94
5,"Darryl
                                                                        Dilworth II",Darryl Dilworth II,DAN,Darryl Dilworth II (DAN),So,OF,3,14,4.67,Yes,12,3,0.21,3,2,1,0,0,1,2,14.29%,4,28.57%,6,42.86%,2,0,0.250,0.375,0.357,0.333,0.690,0.083,0,0,0,4,1,0,5,0,-,1.99
25,"Nolan
                                                                        Farley",Nolan Farley,DAN,Nolan Farley (DAN),Fr,IF,3,14,4.67,Yes,12,4,0.29,3,2,0,1,0,0,2,14.29%,2,14.29%,4,28.57%,2,0,0.250,0.300,0.357,0.417,0.774,0.167,0,0,0,5,1,0,6,1,6.00,2.34
18,"Brenden
                                                                        Stressler",Brenden Stressler,DAN,Brenden Stressler (DAN),Fr,OF,3,13,4.33,Yes,9,3,0.23,3,3,0,0,0,3,3,23.08%,4,30.77%,7,53.85%,3,0,0.333,0.600,0.538,0.333,0.871,0.000,1,0,0,3,0,0,1,1,1.00,3.02
8,"Mac
                                                                        Ketchin",Mac Ketchin,DAN,Mac Ketchin (DAN),So,OF,3,8,2.67,No,6,0,0.00,0,0,0,0,0,0,2,25.00%,2,25.00%,4,50.00%,1,0,0.000,0.000,0.250,0.000,0.250,0.000,0,0,0,0,0,0,2,2,1.00,0.26
11,"Grant
                                                                        Haas",Grant Haas,DAN,Grant Haas (DAN),Fr,IF,1,4,4.00,Yes,4,1,0.25,0,0,0,0,0,0,0,0.00%,1,25.00%,1,25.00%,0,0,0.000,0.000,0.000,0.000,0.000,0.000,0,0,0,0,0,0,1,1,1.00,0.00
21,"Owen
                                                                        Anderson",Owen Anderson,DAN,Owen Anderson (DAN),So,C,1,4,4.00,Yes,2,2,0.50,0,0,0,0,0,0,2,50.00%,2,50.00%,4,100.00%,0,0,0.000,###############################################################################################################################################################################################################################################################,0.500,0.000,0.500,0.000,0,0,0,0,0,0,0,0,-,0.26
20,"Jace
                                                                        Burton",Jace Burton,DUB,Jace Burton (DUB),Fr,IF,3,12,4.00,Yes,11,0,0.00,0,0,0,0,0,1,1,8.33%,1,8.33%,2,16.67%,0,0,0.000,0.000,0.083,0.000,0.083,0.000,0,0,0,0,0,2,6,4,1.50,-0.02
8,"Kendric
                                                                        Sorgius",Kendric Sorgius,DUB,Kendric Sorgius (DUB),Fr,OF,4,12,3.00,Yes,11,1,0.08,3,2,0,1,0,2,0,0.00%,4,33.33%,4,33.33%,0,0,0.273,0.375,0.250,0.455,0.705,0.182,0,1,0,5,1,0,1,4,0.25,1.38
38,"Charlie
                                                                        Rife",Charlie Rife,DUB,Charlie Rife (DUB),So,C,3,12,4.00,Yes,10,2,0.17,1,1,0,0,0,1,2,16.67%,0,0.00%,2,16.67%,0,0,0.100,0.100,0.250,0.100,0.350,0.000,0,0,0,1,0,0,2,5,0.40,0.38
25,"Zen
                                                                        Hiatt",Zen Hiatt,DUB,Zen Hiatt (DUB),Jr,IF,2,9,4.50,Yes,9,2,0.22,3,1,1,0,1,2,0,0.00%,5,55.56%,6,66.67%,0,0,0.333,0.667,0.333,0.778,1.111,0.445,0,0,0,7,2,1,1,0,-,1.56
7,"Jace
                                                                        Druschel",Jace Druschel,DUB,Jace Druschel (DUB),Fr,IF,2,10,5.00,Yes,8,1,0.10,2,2,0,0,0,1,2,20.00%,1,10.00%,3,30.00%,1,0,0.250,0.286,0.400,0.250,0.650,0.000,0,0,0,2,0,0,3,2,1.50,1.22
6,"Cooper
                                                                        Blythe",Cooper Blythe,DUB,Cooper Blythe (DUB),So,OF,2,9,4.50,Yes,6,1,0.11,0,0,0,0,0,0,1,11.11%,0,0.00%,1,11.11%,0,0,0.000,0.000,0.333,0.000,0.333,0.000,2,0,0,0,0,0,5,1,5.00,0.26
44,"Jonny
                                                                        Marquez",Jonny Marquez,DUB,Jonny Marquez (DUB),So,IF,2,8,4.00,Yes,8,0,0.00,3,2,1,0,0,2,0,0.00%,1,12.50%,1,12.50%,0,0,0.375,0.429,0.375,0.500,0.875,0.125,0,0,0,4,1,1,1,3,0.33,1.00
3,"Cade
                                                                        Moore",Cade Moore,DUB,Cade Moore (DUB),So,IF,2,9,4.50,Yes,8,2,0.22,3,3,0,0,0,0,1,11.11%,1,11.11%,2,22.22%,1,0,0.375,0.429,0.444,0.375,0.819,0.000,0,0,0,3,0,0,3,1,3.00,1.68
27,"Joey
                                                                        Milto",Joey Milto,DUB,Joey Milto (DUB),So,OF,2,9,4.50,Yes,7,0,0.00,0,0,0,0,0,0,1,11.11%,1,11.11%,2,22.22%,0,0,0.000,0.000,0.222,0.000,0.222,0.000,1,0,0,0,0,0,2,4,0.50,0.12
10,"Gabriel
                                                                        Medina",Gabriel Medina,DUB,Gabriel Medina (DUB),Sr,IF,2,8,4.00,Yes,7,2,0.25,3,1,2,0,0,1,1,12.50%,2,25.00%,3,37.50%,0,0,0.429,0.600,0.500,0.714,1.214,0.285,0,0,0,5,2,1,2,0,-,1.97
23,"Brevin
                                                                        Brisack",Brevin Brisack,DUB,Brevin Brisack (DUB),Sr,OF,2,8,4.00,Yes,4,2,0.25,0,0,0,0,0,0,4,50.00%,0,0.00%,4,50.00%,1,0,0.000,0.000,0.500,0.000,0.500,0.000,0,0,0,0,0,0,4,0,-,0.78
11,"Xander
                                                                        Willis",Xander Willis,DUB,Xander Willis (DUB),Jr,IF,2,8,4.00,Yes,7,1,0.13,1,1,0,0,0,0,1,12.50%,1,12.50%,2,25.00%,1,1,0.143,0.167,0.250,0.143,0.393,0.000,0,0,0,1,0,0,2,2,1.00,0.22
1,"Olivia
                                                                        Pichardo",Olivia Pichardo,DUB,Olivia Pichardo (DUB),So,OF,2,7,3.50,Yes,6,0,0.00,1,1,0,0,0,0,1,14.29%,2,28.57%,3,42.86%,0,0,0.167,0.250,0.286,0.167,0.453,0.000,0,0,0,1,0,0,1,2,0.50,0.36
2,"Kyle
                                                                        Prindle",Kyle Prindle,DUB,Kyle Prindle (DUB),So,IF,2,8,4.00,Yes,6,0,0.00,2,2,0,0,0,1,2,25.00%,2,25.00%,4,50.00%,0,0,0.333,0.500,0.500,0.333,0.833,0.000,0,0,0,2,0,0,2,0,-,1.26
15,"Derek
                                                                        Roy",Derek Roy,DUB,Derek Roy (DUB),So,OF,2,8,4.00,Yes,5,2,0.25,1,1,0,0,0,0,1,12.50%,2,25.00%,3,37.50%,0,0,0.200,0.333,0.500,0.200,0.700,0.000,2,0,0,1,0,0,1,1,1.00,0.89
42,"Ricardo
                                                                        Serra",Ricardo Serra,DUB,Ricardo Serra (DUB),Jr,IF,2,8,4.00,Yes,6,1,0.13,1,1,0,0,0,3,1,12.50%,1,12.50%,2,25.00%,0,0,0.167,0.167,0.250,0.167,0.417,0.000,0,1,0,1,0,0,2,3,0.67,0.45
16,"Drew
                                                                        Bradley",Drew Bradley,DUB,Drew Bradley (DUB),Fr,C,1,5,5.00,Yes,4,1,0.20,2,2,0,0,0,0,1,20.00%,2,40.00%,3,60.00%,0,0,0.500,1.000,0.600,0.500,1.100,0.000,0,0,0,2,0,0,0,0,-,1.36
14,"Brett
                                                                        Vondohlen",Brett Vondohlen,FCR,Brett Vondohlen (FCR),Fr,IF,4,19,4.75,Yes,18,4,0.21,3,1,1,0,1,3,1,5.26%,8,42.11%,10,52.63%,1,0,0.167,0.222,0.211,0.389,0.600,0.222,0,0,0,7,2,0,5,1,5.00,1.64
20,"Andrew
                                                                        Hunt",Andrew Hunt,FCR,Andrew Hunt (FCR),So,OF,4,20,5.00,Yes,16,4,0.20,6,4,1,0,1,7,2,10.00%,3,15.00%,6,30.00%,0,0,0.375,0.385,0.450,0.625,1.075,0.250,1,1,0,10,2,1,2,6,0.33,4.52
34,"Aiden
                                                                        Gibson",Aiden Gibson,FCR,Aiden Gibson (FCR),So,IF,3,14,4.67,Yes,13,2,0.14,3,2,1,0,0,0,1,7.14%,0,0.00%,1,7.14%,0,0,0.231,0.231,0.286,0.308,0.594,0.077,0,0,0,4,1,1,4,5,0.80,0.91
5,"Lawson
                                                                        Tea",Lawson Tea,FCR,Lawson Tea (FCR),Fr,IF,3,14,4.67,Yes,13,1,0.07,4,3,0,1,0,2,1,7.14%,5,35.71%,6,42.86%,0,0,0.308,0.500,0.357,0.462,0.819,0.154,0,0,0,6,1,0,3,1,3.00,2.24
40,"Ramie
                                                                        Harrison",Ramie Harrison,FCR,Ramie Harrison (FCR),Jr,OF,3,14,4.67,Yes,12,4,0.29,4,4,0,0,0,1,1,7.14%,3,21.43%,4,28.57%,0,1,0.333,0.444,0.429,0.333,0.762,0.000,1,0,0,4,0,1,3,2,1.50,1.29
28,"Kaden
                                                                        Wilks",Kaden Wilks,FCR,Kaden Wilks (FCR),Fr,C,4,13,3.25,Yes,11,3,0.23,6,3,2,0,1,5,2,15.38%,1,7.69%,4,30.77%,0,1,0.545,0.556,0.615,1.000,1.615,0.455,0,0,0,11,3,0,2,2,1.00,6.20
10,"Jacob
                                                                        Tobias",Jacob Tobias,FCR,Jacob Tobias (FCR),Fr,OF,3,14,4.67,Yes,10,3,0.21,2,1,0,0,1,4,4,28.57%,2,14.29%,7,50.00%,1,0,0.200,0.143,0.429,0.500,0.929,0.300,0,0,0,5,1,0,3,3,1.00,2.81
3,"Wyatt
                                                                        Fooks",Wyatt Fooks,FCR,Wyatt Fooks (FCR),Fr,OF,2,9,4.50,Yes,9,2,0.22,2,2,0,0,0,1,0,0.00%,4,44.44%,4,44.44%,1,0,0.222,0.400,0.222,0.222,0.444,0.000,0,0,0,2,0,0,2,1,2.00,0.56
15,"Parker
                                                                        McDonald",Parker McDonald,FCR,Parker McDonald (FCR),So,IF,2,10,5.00,Yes,9,0,0.00,2,2,0,0,0,1,1,10.00%,5,50.00%,6,60.00%,1,0,0.222,0.500,0.300,0.222,0.522,0.000,0,0,0,2,0,0,0,1,-,0.83
32,"Jacob
                                                                        Rowold",Jacob Rowold,FCR,Jacob Rowold (FCR),Jr,OF,2,10,5.00,Yes,8,0,0.00,2,2,0,0,0,1,2,20.00%,4,40.00%,6,60.00%,1,0,0.250,0.500,0.400,0.250,0.650,0.000,0,0,0,2,0,0,2,0,-,1.22
4,"Joe
                                                                        Watkins",Joe Watkins,FCR,Joe Watkins (FCR),Jr,OF,3,10,3.33,Yes,9,3,0.30,2,1,0,1,0,1,1,10.00%,3,30.00%,4,40.00%,2,0,0.222,0.333,0.300,0.444,0.744,0.222,0,0,0,4,1,0,1,2,0.50,1.59
25,"Jackson
                                                                        Cauthron",Jackson Cauthron,FCR,Jackson Cauthron (FCR),Jr,C,2,6,3.00,Yes,5,1,0.17,1,0,1,0,0,3,1,16.67%,1,16.67%,2,33.33%,0,0,0.200,0.250,0.333,0.400,0.733,0.200,0,0,0,2,1,0,1,2,0.50,0.75
15,"Landon
                                                                        Meyer",Landon Meyer,JNT,Landon Meyer (JNT),So,C,3,14,4.67,Yes,14,3,0.21,4,2,2,0,0,1,0,0.00%,3,21.43%,3,21.43%,2,0,0.286,0.364,0.286,0.429,0.715,0.143,0,0,0,6,2,1,1,3,0.33,1.51
33,"Peyton
                                                                        Starr",Peyton Starr,JNT,Peyton Starr (JNT),Jr,IF,4,18,4.50,Yes,14,2,0.11,4,1,2,1,0,2,3,16.67%,3,16.67%,6,33.33%,0,0,0.286,0.364,0.444,0.571,1.015,0.285,1,0,0,8,3,1,6,1,6.00,3.52
17,"Austin
                                                                        Stalker",Austin Stalker,JNT,Austin Stalker (JNT),So,OF,3,15,5.00,Yes,9,2,0.13,0,0,0,0,0,0,5,33.33%,2,13.33%,7,46.67%,0,0,0.000,0.000,0.400,0.000,0.400,0.000,1,0,0,0,0,0,5,2,2.50,0.62
19,"Max
                                                                        Humphrey",Max Humphrey,JNT,Max Humphrey (JNT),Fr,OF,3,12,4.00,Yes,11,3,0.25,3,2,0,1,0,0,1,8.33%,3,25.00%,4,33.33%,1,0,0.273,0.375,0.333,0.455,0.788,0.182,0,0,0,5,1,0,4,1,4.00,1.93
21,"Parker
                                                                        Martin",Parker Martin,JNT,Parker Martin (JNT),Fr,IF,3,13,4.33,Yes,11,2,0.15,2,2,0,0,0,1,2,15.38%,5,38.46%,7,53.85%,0,0,0.182,0.333,0.308,0.182,0.490,0.000,0,0,0,2,0,0,1,3,0.33,0.78
9,"Logan
                                                                        Myers",Logan Myers,JNT,Logan Myers (JNT),Fr,IF,3,11,3.67,Yes,10,0,0.00,3,2,1,0,0,2,1,9.09%,3,27.27%,4,36.36%,0,0,0.300,0.429,0.364,0.400,0.764,0.100,0,0,0,4,1,1,3,1,3.00,1.16
10,"Colton
                                                                        Ayres",Colton Ayres,JNT,Colton Ayres (JNT),So,OF,3,12,4.00,Yes,9,2,0.17,4,4,0,0,0,0,1,8.33%,2,16.67%,3,25.00%,0,1,0.444,0.571,0.583,0.444,1.027,0.000,2,0,0,4,0,0,0,2,-,2.39
26,"Chance
                                                                        Satcho",Chance Satcho,JNT,Chance Satcho (JNT),Jr,IF,3,12,4.00,Yes,10,1,0.08,2,1,1,0,0,2,0,0.00%,5,41.67%,5,41.67%,1,0,0.200,0.400,0.333,0.300,0.633,0.100,2,0,0,3,1,0,0,3,-,1.35
8,"Jack
                                                                        Newman",Jack Newman,JNT,Jack Newman (JNT),Fr,IF,4,12,3.00,Yes,9,4,0.33,2,1,1,0,0,3,2,16.67%,2,16.67%,4,33.33%,0,0,0.222,0.286,0.417,0.333,0.750,0.111,1,0,0,3,1,0,2,2,1.00,1.58
4,"Cael
                                                                        Magill",Cael Magill,JNT,Cael Magill (JNT),Jr,OF,2,8,4.00,Yes,8,1,0.13,0,0,0,0,0,0,0,0.00%,0,0.00%,0,0.00%,1,0,0.000,0.000,0.000,0.000,0.000,0.000,0,0,0,0,0,1,5,1,5.00,-0.07
18,"Joey
                                                                        Perry",Joey Perry,JNT,Joey Perry (JNT),Fr,C,2,9,4.50,Yes,7,3,0.33,2,2,0,0,0,1,2,22.22%,2,22.22%,4,44.44%,0,0,0.286,0.400,0.444,0.286,0.730,0.000,0,0,0,2,0,0,1,2,0.50,1.12
2,"Garrett
                                                                        Pancione",Garrett Pancione,JNT,Garrett Pancione (JNT),So,C,3,8,2.67,No,7,1,0.13,2,2,0,0,0,0,1,12.50%,2,25.00%,3,37.50%,0,0,0.286,0.400,0.375,0.286,0.661,0.000,0,0,0,2,0,0,0,2,-,0.85
13,"Carter
                                                                        Rust",Carter Rust,JNT,Carter Rust (JNT),So,OF,2,8,4.00,Yes,6,0,0.00,2,2,0,0,0,1,1,12.50%,1,12.50%,2,25.00%,2,0,0.333,0.400,0.429,0.333,0.762,0.000,0,0,1,2,0,0,3,0,-,1.43
6,"Wesley
                                                                        Parker",Wesley Parker,JNT,Wesley Parker (JNT),So,IF,1,2,2.00,No,2,0,0.00,0,0,0,0,0,0,0,0.00%,1,50.00%,1,50.00%,0,0,0.000,0.000,0.000,0.000,0.000,0.000,0,0,0,0,0,0,0,0,-,0.00
11,"Kolton
                                                                        Schaller",Kolton Schaller,LAF,Kolton Schaller (LAF),So,IF,2,9,4.50,Yes,9,2,0.22,4,2,1,1,0,4,0,0.00%,3,33.33%,3,33.33%,0,0,0.444,0.667,0.444,0.778,1.222,0.334,0,0,0,7,2,0,1,1,1.00,3.11
40,"Tanner
                                                                        Holland",Tanner Holland,LAF,Tanner Holland (LAF),Fr,OF,2,9,4.50,Yes,6,3,0.33,3,3,0,0,0,0,0,0.00%,2,22.22%,2,22.22%,0,1,0.500,0.750,0.625,0.500,1.125,0.000,2,0,1,3,0,0,1,0,-,1.80
16,"Josiah
                                                                        Miller",Josiah Miller,LAF,Josiah Miller (LAF),Jr,IF,2,9,4.50,Yes,8,0,0.00,1,1,0,0,0,1,1,11.11%,3,33.33%,4,44.44%,0,0,0.125,0.200,0.222,0.125,0.347,0.000,0,0,0,1,0,0,2,2,1.00,0.28
3,"Frederick
                                                                        Ragsdale III",Frederick Ragsdale III,LAF,Frederick Ragsdale III (LAF),Fr,OF,2,9,4.50,Yes,7,0,0.00,1,1,0,0,0,1,2,22.22%,0,0.00%,2,22.22%,1,0,0.143,0.143,0.333,0.143,0.476,0.000,0,0,0,1,0,0,5,1,5.00,0.68
15,"Nate
                                                                        Bingman",Nate Bingman,LAF,Nate Bingman (LAF),So,IF,2,7,3.50,Yes,6,0,0.00,1,1,0,0,0,1,0,0.00%,1,14.29%,1,14.29%,1,0,0.167,0.200,0.286,0.167,0.453,0.000,1,0,0,1,0,0,2,0,-,0.51
36,"Jack
                                                                        Taulman",Jack Taulman,LAF,Jack Taulman (LAF),So,C,1,5,5.00,Yes,5,0,0.00,0,0,0,0,0,0,0,0.00%,2,40.00%,2,40.00%,0,0,0.000,0.000,0.000,0.000,0.000,0.000,0,0,0,0,0,0,1,2,0.50,0.00
14,"Karson
                                                                        Kennedy",Karson Kennedy,LAF,Karson Kennedy (LAF),Fr,C,2,6,3.00,Yes,4,1,0.17,1,1,0,0,0,0,0,0.00%,1,16.67%,1,16.67%,0,0,0.250,0.333,0.500,0.250,0.750,0.000,2,0,0,1,0,1,1,1,1.00,0.51
10,"Jacob
                                                                        Danneman",Jacob Danneman,LAF,Jacob Danneman (LAF),Jr,IF,1,4,4.00,Yes,4,0,0.00,1,1,0,0,0,0,0,0.00%,0,0.00%,0,0.00%,0,0,0.250,0.250,0.250,0.250,0.500,0.000,0,0,0,1,0,0,1,2,0.50,0.25
18,"Grant
                                                                        Miller",Grant Miller,LAF,Grant Miller (LAF),Jr,OF,1,4,4.00,Yes,4,1,0.25,1,1,0,0,0,0,0,0.00%,1,25.00%,1,25.00%,0,0,0.250,0.333,0.250,0.250,0.500,0.000,0,0,0,1,0,0,1,1,1.00,0.25
19,"Eli
                                                                        Hickman",Eli Hickman,LAF,Eli Hickman (LAF),Sr,OF,1,4,4.00,Yes,3,0,0.00,0,0,0,0,0,0,1,25.00%,0,0.00%,1,25.00%,0,1,0.000,0.000,0.250,0.000,0.250,0.000,0,0,0,0,0,0,2,1,2.00,0.00
35,"Tucker
                                                                        Platt",Tucker Platt,LAF,Tucker Platt (LAF),Jr,IF,1,4,4.00,Yes,4,0,0.00,0,0,0,0,0,0,0,0.00%,1,25.00%,1,25.00%,0,0,0.000,0.000,0.000,0.000,0.000,0.000,0,0,0,0,0,0,1,2,0.50,0.00
20,"Brooks
                                                                        Sailors",Brooks Sailors,LAF,Brooks Sailors (LAF),Jr,C,1,4,4.00,Yes,3,0,0.00,0,0,0,0,0,0,1,25.00%,0,0.00%,1,25.00%,0,0,0.000,0.000,0.250,0.000,0.250,0.000,0,0,0,0,0,0,1,1,1.00,0.07
25,"Cal
                                                                        Wipf",Cal Wipf,LAF,Cal Wipf (LAF),Fr,IF,1,4,4.00,Yes,3,1,0.25,1,1,0,0,0,1,0,0.00%,0,0.00%,0,0.00%,0,0,0.333,0.333,0.500,0.333,0.833,0.000,1,0,0,1,0,0,1,1,1.00,0.63
30,"Landen
                                                                        Johnson",Landen Johnson,NOR,Landen Johnson (NOR),So,IF,4,19,4.75,Yes,17,4,0.21,7,7,0,0,0,2,2,10.53%,4,21.05%,6,31.58%,0,0,0.412,0.538,0.474,0.412,0.886,0.000,0,0,0,7,0,0,2,4,0.50,3.56
3,"Tyler
                                                                        Woltman",Tyler Woltman,NOR,Tyler Woltman (NOR),Jr,C,4,20,5.00,Yes,15,5,0.25,6,5,0,0,1,2,4,20.00%,1,5.00%,6,30.00%,0,0,0.400,0.385,0.550,0.600,1.150,0.200,1,0,0,9,1,0,5,1,5.00,5.67
16,"Chase
                                                                        Mason",Chase Mason,NOR,Chase Mason (NOR),So,C,4,19,4.75,Yes,15,5,0.26,3,3,0,0,0,2,3,15.79%,2,10.53%,5,26.32%,0,0,0.200,0.231,0.368,0.200,0.568,0.000,1,0,0,3,0,0,2,6,0.33,1.49
7,"Tyler
                                                                        Thompson",Tyler Thompson,NOR,Tyler Thompson (NOR),So,OF,4,17,4.25,Yes,15,2,0.12,1,1,0,0,0,4,2,11.76%,4,23.53%,6,35.29%,0,0,0.067,0.091,0.176,0.067,0.243,0.000,0,0,0,1,0,0,5,4,1.25,0.27
1,"Eddie
                                                                        Letamendi",Eddie Letamendi,NOR,Eddie Letamendi (NOR),Fr,IF,4,19,4.75,Yes,14,2,0.11,2,1,1,0,0,1,4,21.05%,8,42.11%,12,63.16%,4,2,0.143,0.333,0.368,0.214,0.582,0.071,1,0,0,3,1,0,1,2,0.50,1.68
5,"Austin
                                                                        Wiegand",Austin Wiegand,NOR,Austin Wiegand (NOR),Fr,OF,4,18,4.50,Yes,14,3,0.17,3,1,1,0,1,4,3,16.67%,8,44.44%,12,66.67%,0,0,0.214,0.333,0.333,0.500,0.833,0.286,0,1,0,7,2,0,0,4,-,2.77
27,"Zach
                                                                        Zychowski",Zach Zychowski,NOR,Zach Zychowski (NOR),Fr,IF,4,12,3.00,Yes,10,1,0.08,2,2,0,0,0,2,1,8.33%,4,33.33%,5,41.67%,1,0,0.200,0.333,0.333,0.200,0.533,0.000,1,0,0,2,0,0,0,1,-,1.01
9,"Tyler
                                                                        Castro",Tyler Castro,NOR,Tyler Castro (NOR),Jr,IF,2,11,5.50,Yes,8,2,0.18,2,1,1,0,0,0,2,18.18%,4,36.36%,6,54.55%,1,0,0.250,0.500,0.455,0.375,0.830,0.125,1,0,0,3,1,0,1,0,-,1.95
13,"Danny
                                                                        Infante",Danny Infante,NOR,Danny Infante (NOR),Jr,IF,2,9,4.50,Yes,7,1,0.11,1,1,0,0,0,2,1,11.11%,1,11.11%,2,22.22%,1,1,0.143,0.143,0.222,0.143,0.365,0.000,0,1,0,1,0,0,3,3,1.00,0.26
28,"Christopher
                                                                        Suchoski",Christopher Suchoski,NOR,Christopher Suchoski (NOR),So,C,2,8,4.00,Yes,6,2,0.25,2,1,1,0,0,1,2,25.00%,2,25.00%,4,50.00%,0,0,0.333,0.500,0.500,0.500,1.000,0.167,0,0,0,3,1,0,2,0,-,1.76
24,"James
                                                                        Harris",James Harris,NOR,James Harris (NOR),Jr,IF,1,5,5.00,Yes,4,1,0.20,0,0,0,0,0,2,0,0.00%,2,40.00%,2,40.00%,0,0,0.000,0.000,0.200,0.000,0.200,0.000,1,0,0,0,0,0,0,1,-,0.05
40,"Caileb
                                                                        Johnson",Caileb Johnson,NOR,Caileb Johnson (NOR),Sr,IF,2,5,2.50,No,4,1,0.20,1,0,0,0,1,2,0,0.00%,1,20.00%,2,40.00%,0,0,0.250,0.000,0.400,1.000,1.400,0.750,1,0,0,4,1,0,2,0,-,1.70
14,"Hunter
                                                                        Brewer",Hunter Brewer,NOR,Hunter Brewer (NOR),So,IF,1,3,3.00,Yes,3,0,0.00,0,0,0,0,0,0,0,0.00%,3,100.00%,3,100.00%,0,0,0.000,###############################################################################################################################################################################################################################################################,0.000,0.000,0.000,0.000,0,0,0,0,0,0,0,0,-,0.00
92,"Gabriel
                                                                        Arroyo",Gabriel Arroyo,TER,Gabriel Arroyo (TER),Sr,OF,3,15,5.00,Yes,13,2,0.13,2,2,0,0,0,2,2,13.33%,3,20.00%,5,33.33%,0,2,0.154,0.200,0.267,0.154,0.421,0.000,0,0,0,2,0,0,7,0,-,0.34
6,"Miguel
                                                                        Cantu",Miguel Cantu,TER,Miguel Cantu (TER),So,IF,3,14,4.67,Yes,12,3,0.21,3,2,1,0,0,2,1,7.14%,4,28.57%,5,35.71%,2,0,0.250,0.333,0.286,0.333,0.619,0.083,0,1,0,4,1,0,1,4,0.25,1.66
1,"Gabe
                                                                        Wright",Gabe Wright,TER,Gabe Wright (TER),Jr,OF,2,11,5.50,Yes,11,1,0.09,4,2,1,0,1,6,0,0.00%,3,27.27%,4,36.36%,0,0,0.364,0.429,0.364,0.727,1.091,0.363,0,0,0,8,2,0,3,1,3.00,2.91
27,"Wally
                                                                        Diaz",Wally Diaz,TER,Wally Diaz (TER),Fr,IF,2,10,5.00,Yes,10,0,0.00,1,1,0,0,0,0,0,0.00%,6,60.00%,6,60.00%,0,0,0.100,0.250,0.100,0.100,0.200,0.000,0,0,0,1,0,0,2,1,2.00,0.10
25,"Nomar
                                                                        Garcia",Nomar Garcia,TER,Nomar Garcia (TER),So,IF,2,9,4.50,Yes,8,3,0.33,3,3,0,0,0,2,1,11.11%,0,0.00%,1,11.11%,1,0,0.375,0.375,0.444,0.375,0.819,0.000,0,0,0,3,0,1,3,2,1.50,1.26
10,"Eli
                                                                        Riley",Eli Riley,TER,Eli Riley (TER),Jr,C,2,9,4.50,Yes,6,1,0.11,2,1,1,0,0,2,3,33.33%,1,11.11%,4,44.44%,2,0,0.333,0.400,0.556,0.500,1.056,0.167,0,0,0,3,1,0,1,2,0.50,2.68
34,"Ben
                                                                        Kearns",Ben Kearns,TER,Ben Kearns (TER),Fr,OF,2,9,4.50,Yes,5,2,0.22,2,2,0,0,0,0,2,22.22%,2,22.22%,4,44.44%,1,0,0.400,0.667,0.625,0.400,1.025,0.000,1,0,1,2,0,0,2,0,-,2.12
9,"Anthony
                                                                        Jerrell",Anthony Jerrell,TER,Anthony Jerrell (TER),So,RHP,1,4,4.00,Yes,4,0,0.00,0,0,0,0,0,0,0,0.00%,2,50.00%,2,50.00%,0,0,0.000,0.000,0.000,0.000,0.000,0.000,0,0,0,0,0,0,0,1,-,0.00
2,"James
                                                                        Jauz",James Jauz,TER,James Jauz (TER),Jr,IF,1,5,5.00,Yes,3,1,0.20,1,1,0,0,0,0,2,40.00%,2,40.00%,4,80.00%,0,0,0.333,1.000,0.600,0.333,0.933,0.000,0,0,0,1,0,0,0,0,-,0.91
24,"Caden
                                                                        Mason",Caden Mason,TER,Caden Mason (TER),Jr,OF,1,4,4.00,Yes,4,0,0.00,0,0,0,0,0,0,0,0.00%,0,0.00%,0,0.00%,0,0,0.000,0.000,0.000,0.000,0.000,0.000,0,0,0,0,0,1,2,2,1.00,0.00
17,"Brady
                                                                        Yeryar",Brady Yeryar,TER,Brady Yeryar (TER),Fr,IF,1,5,5.00,Yes,3,1,0.20,1,1,0,0,0,0,2,40.00%,1,20.00%,3,60.00%,0,0,0.333,0.500,0.600,0.333,0.933,0.000,0,0,0,1,0,0,1,0,-,0.91
38,"Gustavo
                                                                        Nava",Gustavo Nava,TER,Gustavo Nava (TER),Sr,C,1,4,4.00,Yes,4,0,0.00,0,0,0,0,0,0,0,0.00%,3,75.00%,3,75.00%,0,0,0.000,0.000,0.000,0.000,0.000,0.000,0,0,0,0,0,1,1,0,-,0.00
13,"Delvis
                                                                        Claudio",Delvis Claudio,TER,Delvis Claudio (TER),Jr,IF,1,4,4.00,Yes,3,2,0.50,2,2,0,0,0,0,1,25.00%,0,0.00%,1,25.00%,0,0,0.667,0.667,0.750,0.667,1.417,0.000,0,0,0,2,0,0,0,1,-,1.70
15,"Carder
                                                                        Reich",Carder Reich,TER,Carder Reich (TER),Fr,IF,1,4,4.00,Yes,4,0,0.00,1,1,0,0,0,0,0,0.00%,2,50.00%,2,50.00%,0,0,0.250,0.500,0.250,0.250,0.500,0.000,0,0,0,1,0,0,1,0,-,0.25
89,"Kaleb
                                                                        Gengler",Kaleb Gengler,TER,Kaleb Gengler (TER),So,LHP,1,4,4.00,Yes,3,0,0.00,0,0,0,0,0,0,1,25.00%,2,50.00%,3,75.00%,0,0,0.000,0.000,0.250,0.000,0.250,0.000,0,0,0,0,0,0,0,0,-,0.07
31,"Erik
                                                                        Broekemeier",Erik Broekemeier,ALT,Erik Broekemeier (ALT),Jr,IF,4,17,4.25,Yes,15,4,0.24,5,5,0,0,0,2,1,5.88%,2,11.76%,3,17.65%,1,0,0.333,0.385,0.412,0.333,0.745,0.000,1,0,0,5,0,0,4,4,1.00,2.49
42,"Xian'en
                                                                        Zeng",Xian'en Zeng,ALT,Xian'en Zeng (ALT),Fr,IF,3,15,5.00,Yes,14,1,0.07,2,2,0,0,0,1,1,6.67%,2,13.33%,3,20.00%,0,0,0.143,0.167,0.200,0.143,0.343,0.000,0,0,0,2,0,0,5,4,1.25,0.45
1,"Cooper
                                                                        Howell",Cooper Howell,ALT,Cooper Howell (ALT),So,IF,3,16,5.33,Yes,13,4,0.25,3,3,0,0,0,2,3,18.75%,3,18.75%,6,37.50%,1,0,0.231,0.300,0.375,0.231,0.606,0.000,0,0,0,3,0,0,2,4,0.50,1.61
7,"Joe
                                                                        Connolly",Joe Connolly,ALT,Joe Connolly (ALT),Fr,IF,3,15,5.00,Yes,13,3,0.20,4,4,0,0,0,3,1,6.67%,1,6.67%,2,13.33%,2,1,0.308,0.333,0.400,0.308,0.708,0.000,1,0,0,4,0,0,3,3,1.00,1.85
21,"Rj
                                                                        LaRocco Jr.",Rj LaRocco Jr.,ALT,Rj LaRocco Jr. (ALT),Sr,OF,3,14,4.67,Yes,12,2,0.14,5,5,0,0,0,0,2,14.29%,1,7.14%,3,21.43%,2,0,0.417,0.455,0.500,0.417,0.917,0.000,0,0,0,5,0,0,4,2,2.00,3.28
3,"Eli
                                                                        Hill",Eli Hill,ALT,Eli Hill (ALT),Fr,OF,3,14,4.67,Yes,9,1,0.07,2,2,0,0,0,1,4,28.57%,3,21.43%,7,50.00%,1,0,0.222,0.333,0.500,0.222,0.722,0.000,1,0,0,2,0,0,3,1,3.00,1.91
20,"Cole
                                                                        Schrank",Cole Schrank,ALT,Cole Schrank (ALT),Jr,C,3,13,4.33,Yes,11,2,0.15,4,4,0,0,0,3,2,15.38%,4,30.77%,6,46.15%,0,0,0.364,0.571,0.462,0.364,0.826,0.000,0,0,0,4,0,1,1,2,0.50,1.74
13,"Jordan
                                                                        Aguallo",Jordan Aguallo,ALT,Jordan Aguallo (ALT),Jr,RHP,2,9,4.50,Yes,8,3,0.33,2,2,0,0,0,2,0,0.00%,1,11.11%,1,11.11%,1,0,0.250,0.286,0.333,0.250,0.583,0.000,1,0,0,2,0,0,0,5,-,0.93
15,"Luke
                                                                        Parmentier",Luke Parmentier,ALT,Luke Parmentier (ALT),So,IF,2,10,5.00,Yes,5,0,0.00,0,0,0,0,0,0,1,10.00%,2,20.00%,3,30.00%,2,0,0.000,0.000,0.500,0.000,0.500,0.000,4,0,0,0,0,0,1,2,0.50,1.17
12,"Darius
                                                                        Blackmon",Darius Blackmon,ALT,Darius Blackmon (ALT),Jr,OF,2,8,4.00,Yes,8,1,0.13,2,1,1,0,0,1,0,0.00%,3,37.50%,3,37.50%,0,1,0.250,0.400,0.250,0.375,0.625,0.125,0,0,0,3,1,0,2,0,-,0.38
35,"Aaditya
                                                                        Sur",Aaditya Sur,ALT,Aaditya Sur (ALT),So,C,2,9,4.50,Yes,8,0,0.00,3,2,1,0,0,5,1,11.11%,2,22.22%,3,33.33%,0,0,0.375,0.500,0.444,0.500,0.944,0.125,0,0,0,4,1,0,1,1,1.00,1.89
5,"Dane
                                                                        Stevenson",Dane Stevenson,ALT,Dane Stevenson (ALT),Jr,IF,2,9,4.50,Yes,7,2,0.22,2,2,0,0,0,0,1,11.11%,2,22.22%,3,33.33%,3,1,0.286,0.400,0.444,0.286,0.730,0.000,1,0,0,2,0,0,1,1,1.00,1.36
34,"Justin
                                                                        Santoyo",Justin Santoyo,ALT,Justin Santoyo (ALT),Jr,IF,2,8,4.00,Yes,7,0,0.00,1,1,0,0,0,0,1,12.50%,0,0.00%,1,12.50%,1,0,0.143,0.143,0.250,0.143,0.393,0.000,0,0,0,1,0,0,2,2,1.00,0.45
11,"James
                                                                        Theodore",James Theodore,ALT,James Theodore (ALT),Fr,OF,3,9,3.00,Yes,7,1,0.11,1,1,0,0,0,0,1,11.11%,0,0.00%,1,11.11%,3,0,0.143,0.143,0.333,0.143,0.476,0.000,1,0,0,1,0,1,4,1,4.00,0.68
17,"Bryer
                                                                        Arview",Bryer Arview,ALT,Bryer Arview (ALT),Fr,IF,1,3,3.00,Yes,3,0,0.00,0,0,0,0,0,0,0,0.00%,3,100.00%,3,100.00%,0,0,0.000,###############################################################################################################################################################################################################################################################,0.000,0.000,0.000,0.000,0,0,0,0,0,0,0,0,-,0.00
44,"Jack
                                                                        Gazdacka",Jack Gazdacka,ALT,Jack Gazdacka (ALT),So,IF,2,5,2.50,No,3,0,0.00,0,0,0,0,0,1,1,20.00%,0,0.00%,1,20.00%,0,0,0.000,0.000,0.400,0.000,0.400,0.000,1,0,0,0,0,0,1,2,0.50,0.21
18,"Cedric
                                                                        Dunnwald",Cedric Dunnwald,BRL,Cedric Dunnwald (BRL),So,OF,3,12,4.00,Yes,11,2,0.17,3,2,1,0,0,0,1,8.33%,3,25.00%,4,33.33%,1,0,0.273,0.375,0.333,0.364,0.697,0.091,0,0,0,4,1,0,3,1,3.00,1.59
24,"Scotty
                                                                        Savage",Scotty Savage,BRL,Scotty Savage (BRL),So,OF,3,12,4.00,Yes,11,1,0.08,4,2,1,0,1,1,0,0.00%,2,16.67%,3,25.00%,0,0,0.364,0.375,0.417,0.727,1.144,0.363,1,0,0,8,2,1,3,2,1.50,2.75
45,"Kinnick
                                                                        Pusteoska",Kinnick Pusteoska,BRL,Kinnick Pusteoska (BRL),Fr,IF,2,8,4.00,Yes,8,1,0.13,3,2,0,0,1,2,0,0.00%,4,50.00%,5,62.50%,0,0,0.375,0.667,0.375,0.750,1.125,0.375,0,0,0,6,1,0,0,1,-,2.25
2,"Jackson
                                                                        Rooker",Jackson Rooker,BRL,Jackson Rooker (BRL),Fr,IF,2,9,4.50,Yes,6,0,0.00,1,1,0,0,0,1,2,22.22%,4,44.44%,6,66.67%,2,1,0.167,0.333,0.333,0.167,0.500,0.000,0,1,0,1,0,0,1,1,1.00,0.68
11,"Landon
                                                                        Akers",Landon Akers,BRL,Landon Akers (BRL),Fr,IF,2,7,3.50,Yes,6,1,0.14,1,1,0,0,0,0,1,14.29%,0,0.00%,1,14.29%,0,0,0.167,0.167,0.286,0.167,0.453,0.000,0,0,0,1,0,0,1,4,0.25,0.36
32,"Cooper
                                                                        Donlin",Cooper Donlin,BRL,Cooper Donlin (BRL),Jr,OF,2,8,4.00,Yes,5,4,0.50,2,0,1,0,1,2,2,25.00%,1,12.50%,4,50.00%,1,0,0.400,0.333,0.625,1.200,1.825,0.800,1,0,0,6,2,0,2,0,-,4.56
7,"Jackson
                                                                        Lindquist",Jackson Lindquist,BRL,Jackson Lindquist (BRL),So,IF,2,8,4.00,Yes,6,1,0.13,1,1,0,0,0,0,2,25.00%,2,25.00%,4,50.00%,1,0,0.167,0.250,0.375,0.167,0.542,0.000,0,0,0,1,0,0,1,2,0.50,0.77
12,"Nick
                                                                        Meyer",Nick Meyer,BRL,Nick Meyer (BRL),So,C,2,8,4.00,Yes,6,0,0.00,1,1,0,0,0,2,1,12.50%,2,25.00%,3,37.50%,0,0,0.167,0.200,0.250,0.167,0.417,0.000,0,1,0,1,0,0,0,2,-,0.45
4,"Ty
                                                                        Plummer",Ty Plummer,BRL,Ty Plummer (BRL),Fr,IF,2,8,4.00,Yes,5,2,0.25,0,0,0,0,0,0,2,25.00%,2,25.00%,4,50.00%,1,0,0.000,0.000,0.375,0.000,0.375,0.000,1,0,0,0,0,0,0,1,-,0.49
25,"Merrick
                                                                        Mathews",Merrick Mathews,BRL,Merrick Mathews (BRL),Jr,IF,2,7,3.50,Yes,5,0,0.00,0,0,0,0,0,0,2,28.57%,3,42.86%,5,71.43%,0,1,0.000,0.000,0.286,0.000,0.286,0.000,0,0,0,0,0,0,1,1,1.00,0.07
31,"Christian
                                                                        Dunn",Christian Dunn,BRL,Christian Dunn (BRL),So,C,1,4,4.00,Yes,4,0,0.00,1,1,0,0,0,0,0,0.00%,1,25.00%,1,25.00%,0,0,0.250,0.333,0.250,0.250,0.500,0.000,0,0,0,1,0,0,1,1,1.00,0.25
28,"Carson
                                                                        Bittner",Carson Bittner,BRL,Carson Bittner (BRL),Fr,IF,1,5,5.00,Yes,3,0,0.00,0,0,0,0,0,0,2,40.00%,0,0.00%,2,40.00%,0,0,0.000,0.000,0.400,0.000,0.400,0.000,0,0,0,0,0,0,0,3,-,0.21
14,"Boston
                                                                        Halloran",Boston Halloran,BRL,Boston Halloran (BRL),Fr,IF,1,4,4.00,Yes,4,0,0.00,0,0,0,0,0,1,0,0.00%,1,25.00%,1,25.00%,0,0,0.000,0.000,0.000,0.000,0.000,0.000,0,0,0,0,0,0,1,2,0.50,0.00
15,"Luke
                                                                        Bragga",Luke Bragga,BRL,Luke Bragga (BRL),Fr,OF,1,3,3.00,Yes,3,0,0.00,0,0,0,0,0,0,0,0.00%,0,0.00%,0,0.00%,0,0,0.000,0.000,0.000,0.000,0.000,0.000,0,0,0,0,0,0,2,1,2.00,0.00
9,"Jackson
                                                                        Reid",Jackson Reid,BRL,Jackson Reid (BRL),Fr,OF,1,4,4.00,Yes,2,0,0.00,0,0,0,0,0,0,0,0.00%,1,25.00%,1,25.00%,0,0,0.000,0.000,0.333,0.000,0.333,0.000,1,0,1,0,0,0,2,0,-,0.20
15,"Alex
                                                                        Kowalski",Alex Kowalski,CGR,Alex Kowalski (CGR),So,OF,3,14,4.67,Yes,13,0,0.00,4,4,0,0,0,3,0,0.00%,3,21.43%,3,21.43%,0,1,0.308,0.364,0.286,0.308,0.594,0.000,0,1,0,4,0,1,3,4,0.75,0.65
7,"Ty
                                                                        Allen",Ty Allen,CGR,Ty Allen (CGR),Fr,OF,3,14,4.67,Yes,12,2,0.14,2,1,1,0,0,0,2,14.29%,3,21.43%,5,35.71%,2,0,0.167,0.222,0.286,0.250,0.536,0.083,0,0,0,3,1,0,2,4,0.50,1.30
5,"Henley
                                                                        Parker",Henley Parker,CGR,Henley Parker (CGR),Fr,IF,2,9,4.50,Yes,9,3,0.33,2,2,0,0,0,0,0,0.00%,5,55.56%,5,55.56%,1,0,0.222,0.500,0.222,0.222,0.444,0.000,0,0,0,2,0,0,1,0,-,0.56
1,"Easton
                                                                        Moore",Easton Moore,CGR,Easton Moore (CGR),Fr,IF,3,13,4.33,Yes,8,0,0.00,1,1,0,0,0,1,5,38.46%,4,30.77%,9,69.23%,0,0,0.125,0.250,0.462,0.125,0.587,0.000,0,0,0,1,0,1,1,1,1.00,0.88
2,"Steven
                                                                        Schneider",Steven Schneider,CGR,Steven Schneider (CGR),Fr,OF,3,13,4.33,Yes,9,0,0.00,0,0,0,0,0,0,3,23.08%,6,46.15%,9,69.23%,0,0,0.000,0.000,0.308,0.000,0.308,0.000,1,0,0,0,0,0,0,3,-,0.32
19,"Carson
                                                                        McCaleb",Carson McCaleb,CGR,Carson McCaleb (CGR),Fr,C,3,12,4.00,Yes,7,2,0.17,0,0,0,0,0,0,3,25.00%,4,33.33%,7,58.33%,0,0,0.000,0.000,0.417,0.000,0.417,0.000,2,0,0,0,0,0,2,1,2.00,0.54
23,"Lane
                                                                        Crowden",Lane Crowden,CGR,Lane Crowden (CGR),Jr,IF,2,10,5.00,Yes,7,2,0.20,2,1,0,1,0,1,3,30.00%,3,30.00%,6,60.00%,3,0,0.286,0.500,0.500,0.571,1.071,0.285,0,0,0,4,1,0,1,1,1.00,3.17
56,"Cole
                                                                        Lemons",Cole Lemons,CGR,Cole Lemons (CGR),Fr,C,2,8,4.00,Yes,7,0,0.00,0,0,0,0,0,0,1,12.50%,4,50.00%,5,62.50%,0,0,0.000,0.000,0.125,0.000,0.125,0.000,0,0,0,0,0,0,1,2,0.50,0.03
26,"Henry
                                                                        Hayman",Henry Hayman,CGR,Henry Hayman (CGR),Jr,IF,2,10,5.00,Yes,5,1,0.10,2,2,0,0,0,1,3,30.00%,1,10.00%,4,40.00%,1,0,0.400,0.500,0.700,0.400,1.100,0.000,2,0,0,2,0,0,1,0,-,2.67
30,"Camren
                                                                        Stratton",Camren Stratton,CGR,Camren Stratton (CGR),Fr,IF,2,8,4.00,Yes,7,1,0.13,0,0,0,0,0,0,1,12.50%,5,62.50%,6,75.00%,0,0,0.000,0.000,0.125,0.000,0.125,0.000,0,0,0,0,0,0,1,0,-,0.03
22,"Drew
                                                                        Wedgeworth",Drew Wedgeworth,CGR,Drew Wedgeworth (CGR),Fr,LHP,3,8,2.67,No,7,0,0.00,1,1,0,0,0,0,1,12.50%,4,50.00%,5,62.50%,0,0,0.143,0.333,0.250,0.143,0.393,0.000,0,0,0,1,0,0,0,2,-,0.32
33,"Jalen
                                                                        Martinez",Jalen Martinez,CLN,Jalen Martinez (CLN),Sr,OF,2,11,5.50,Yes,10,2,0.18,4,4,0,0,0,3,1,9.09%,6,54.55%,7,63.64%,0,0,0.400,1.000,0.455,0.400,0.855,0.000,0,0,0,4,0,0,0,0,-,1.94
9,"Rayth
                                                                        Petersen",Rayth Petersen,CLN,Rayth Petersen (CLN),Sr,IF,2,12,6.00,Yes,9,4,0.33,5,3,2,0,0,2,1,8.33%,2,16.67%,3,25.00%,0,0,0.556,0.714,0.667,0.778,1.445,0.222,2,0,0,7,2,1,1,1,1.00,4.54
20,"Chase
                                                                        Womack",Chase Womack,CLN,Chase Womack (CLN),Fr,IF,2,12,6.00,Yes,9,2,0.17,5,3,2,0,0,4,2,16.67%,1,8.33%,3,25.00%,0,0,0.556,0.625,0.667,0.778,1.445,0.222,1,0,0,7,2,0,1,2,0.50,5.19
15,"Brayden
                                                                        Buchanan",Brayden Buchanan,CLN,Brayden Buchanan (CLN),Fr,C,2,10,5.00,Yes,8,2,0.20,2,2,0,0,0,3,2,20.00%,3,30.00%,5,50.00%,0,1,0.250,0.400,0.400,0.250,0.650,0.000,0,0,0,2,0,0,1,0,-,0.76
14,"Ben
                                                                        Swails",Ben Swails,CLN,Ben Swails (CLN),Fr,IF,2,10,5.00,Yes,8,1,0.10,0,0,0,0,0,1,1,10.00%,4,40.00%,5,50.00%,0,1,0.000,0.000,0.200,0.000,0.200,0.000,1,0,0,0,0,0,2,2,1.00,0.05
12,"RJ
                                                                        Ruais",RJ Ruais,CLN,RJ Ruais (CLN),Fr,IF,2,10,5.00,Yes,5,2,0.20,0,0,0,0,0,1,3,30.00%,5,50.00%,8,80.00%,0,0,0.000,0.000,0.400,0.000,0.400,0.000,1,1,0,0,0,0,0,1,-,0.62
11,"James
                                                                        Hackett",James Hackett,CLN,James Hackett (CLN),Fr,OF,2,9,4.50,Yes,7,1,0.11,0,0,0,0,0,1,2,22.22%,4,44.44%,6,66.67%,0,0,0.000,0.000,0.222,0.000,0.222,0.000,0,0,0,0,0,0,2,1,2.00,0.12
23,"RJ
                                                                        Sherwood",RJ Sherwood,CLN,RJ Sherwood (CLN),Sr,OF,1,6,6.00,Yes,6,1,0.17,0,0,0,0,0,1,0,0.00%,4,66.67%,4,66.67%,0,0,0.000,0.000,0.000,0.000,0.000,0.000,0,0,0,0,0,0,0,1,-,0.00
10,"Mason
                                                                        McCurdy",Mason McCurdy,CLN,Mason McCurdy (CLN),Fr,C,2,9,4.50,Yes,3,4,0.44,0,0,0,0,0,0,5,55.56%,3,33.33%,8,88.89%,0,0,0.000,###############################################################################################################################################################################################################################################################,0.667,0.000,0.667,0.000,1,0,0,0,0,0,0,0,-,1.04
4,"Blake
                                                                        Timmons",Blake Timmons,CLN,Blake Timmons (CLN),Fr,OF,2,4,2.00,No,4,0,0.00,1,1,0,0,0,1,0,0.00%,2,50.00%,2,50.00%,0,0,0.250,0.500,0.250,0.250,0.500,0.000,0,0,0,1,0,0,1,0,-,0.25
28,"Karson
                                                                        Grout",Karson Grout,CLN,Karson Grout (CLN),Fr,IF,1,1,1.00,No,1,0,0.00,1,1,0,0,0,0,0,0.00%,0,0.00%,0,0.00%,0,0,1.000,1.000,1.000,1.000,2.000,0.000,0,0,0,1,0,0,0,0,-,1.00
34,"JD
                                                                        Swarbrick",JD Swarbrick,CLN,JD Swarbrick (CLN),So,IF,1,2,2.00,No,0,2,1.00,0,0,0,0,0,0,2,100.00%,0,0.00%,2,100.00%,0,0,0.000,###############################################################################################################################################################################################################################################################,1.000,0.000,1.000,0.000,0,0,0,0,0,0,0,0,-,0.52
40,"Kyle
                                                                        Odeshoo",Kyle Odeshoo,CLN,Kyle Odeshoo (CLN),So,C,1,1,1.00,No,1,0,0.00,0,0,0,0,0,0,0,0.00%,1,100.00%,1,100.00%,0,0,0.000,###############################################################################################################################################################################################################################################################,0.000,0.000,0.000,0.000,0,0,0,0,0,0,0,0,-,0.00
27,"Tyler
                                                                        Dorsch",Tyler Dorsch,IVY,Tyler Dorsch (IVY),Sr,OF,4,21,5.25,Yes,17,8,0.38,8,6,2,0,0,6,4,19.05%,3,14.29%,7,33.33%,6,0,0.471,0.571,0.571,0.588,1.159,0.117,0,0,0,10,2,1,4,2,2.00,7.42
65,"Kyle
                                                                        Gibson",Kyle Gibson,IVY,Kyle Gibson (IVY),Jr,IF,4,22,5.50,Yes,17,8,0.36,8,8,0,0,0,3,2,9.09%,1,4.55%,3,13.64%,3,0,0.471,0.444,0.500,0.471,0.971,0.000,1,2,0,8,0,0,4,3,1.33,5.69
44,"Finley
                                                                        Buckner",Finley Buckner,IVY,Finley Buckner (IVY),Fr,IF,3,15,5.00,Yes,13,2,0.13,3,1,1,1,0,6,2,13.33%,1,6.67%,3,20.00%,0,0,0.231,0.250,0.333,0.462,0.795,0.231,0,0,0,6,2,0,5,4,1.25,2.17
15,"Lucas
                                                                        Smith",Lucas Smith,IVY,Lucas Smith (IVY),Fr,OF,4,18,4.50,Yes,13,3,0.17,4,4,0,0,0,1,3,16.67%,5,27.78%,8,44.44%,0,0,0.308,0.500,0.500,0.308,0.808,0.000,2,0,0,4,0,0,1,3,0.33,2.65
6,"Jake
                                                                        Ferguson",Jake Ferguson,IVY,Jake Ferguson (IVY),Jr,IF,3,16,5.33,Yes,13,2,0.13,2,2,0,0,0,3,2,12.50%,5,31.25%,7,43.75%,2,0,0.154,0.250,0.313,0.154,0.467,0.000,1,0,0,2,0,1,3,3,1.00,0.96
39,"Nick
                                                                        Weaver",Nick Weaver,IVY,Nick Weaver (IVY),Fr,C,4,16,4.00,Yes,13,6,0.38,1,1,0,0,0,0,2,12.50%,3,18.75%,5,31.25%,2,0,0.077,0.100,0.250,0.077,0.327,0.000,1,0,0,1,0,0,3,5,0.60,0.71
13,"Joseph
                                                                        Stagowski",Joseph Stagowski,IVY,Joseph Stagowski (IVY),Jr,OF,4,15,3.75,Yes,13,2,0.13,5,5,0,0,0,2,0,0.00%,4,26.67%,4,26.67%,2,0,0.385,0.500,0.400,0.385,0.785,0.000,1,1,0,5,0,0,2,3,0.67,2.73
34,"Luke
                                                                        Smock",Luke Smock,IVY,Luke Smock (IVY),Fr,IF,3,15,5.00,Yes,12,3,0.20,4,4,0,0,0,0,3,20.00%,4,26.67%,7,46.67%,0,0,0.333,0.500,0.467,0.333,0.800,0.000,0,0,0,4,0,0,1,3,0.33,2.23
19,"Brandon
                                                                        Mahler",Brandon Mahler,IVY,Brandon Mahler (IVY),So,C,3,11,3.67,Yes,10,0,0.00,3,3,0,0,0,1,1,9.09%,1,9.09%,2,18.18%,0,0,0.300,0.333,0.364,0.300,0.664,0.000,0,0,0,3,0,0,4,2,2.00,1.19
37,"Makana
                                                                        Olaso",Makana Olaso,IVY,Makana Olaso (IVY),So,C,2,10,5.00,Yes,9,0,0.00,4,3,1,0,0,6,1,10.00%,0,0.00%,1,10.00%,0,0,0.444,0.444,0.500,0.556,1.056,0.112,0,0,0,5,1,1,3,2,1.50,2.10
25,"Will
                                                                        Ashley",Will Ashley,IVY,Will Ashley (IVY),Fr,IF,2,9,4.50,Yes,8,0,0.00,2,2,0,0,0,2,1,11.11%,1,11.11%,2,22.22%,0,0,0.250,0.286,0.333,0.250,0.583,0.000,0,0,0,2,0,0,1,2,0.50,0.75
18,"Peyton
                                                                        Burgh",Peyton Burgh,IVY,Peyton Burgh (IVY),Fr,OF,4,8,2.00,No,7,1,0.13,1,1,0,0,0,0,1,12.50%,3,37.50%,4,50.00%,0,1,0.143,0.250,0.250,0.143,0.393,0.000,0,0,0,1,0,0,2,1,2.00,0.16
59,"Chris
                                                                        Esquivel",Chris Esquivel,IVY,Chris Esquivel (IVY),So,IF,1,4,4.00,Yes,2,1,0.25,0,0,0,0,0,0,1,25.00%,1,25.00%,2,50.00%,1,0,0.000,0.000,0.500,0.000,0.500,0.000,1,0,0,0,0,0,1,0,-,0.52
1,"Merik
                                                                        Carter",Merik Carter,JAX,Merik Carter (JAX),So,IF,4,20,5.00,Yes,12,2,0.10,3,2,1,0,0,3,8,40.00%,6,30.00%,14,70.00%,2,0,0.250,0.500,0.550,0.333,0.883,0.083,0,0,0,4,1,0,2,1,2.00,3.92
10,"Brogan
                                                                        Jones",Brogan Jones,JAX,Brogan Jones (JAX),FR,,4,16,4.00,Yes,12,3,0.19,4,3,1,0,0,2,4,25.00%,4,25.00%,8,50.00%,1,0,0.333,0.500,0.500,0.417,0.917,0.084,0,0,0,5,1,0,2,2,1.00,3.28
3,"Ethan
                                                                        Rossow",Ethan Rossow,JAX,Ethan Rossow (JAX),Jr,OF,3,13,4.33,Yes,12,3,0.23,5,5,0,0,0,5,0,0.00%,3,23.08%,3,23.08%,1,1,0.417,0.556,0.462,0.417,0.879,0.000,1,0,0,5,0,0,4,0,-,2.22
19,"Will
                                                                        Bowen",Will Bowen,JAX,Will Bowen (JAX),So,OF,4,10,2.50,No,9,3,0.30,1,1,0,0,0,2,1,10.00%,2,20.00%,3,30.00%,0,0,0.111,0.143,0.200,0.111,0.311,0.000,0,0,0,1,0,0,3,2,1.50,0.25
4,"Julian
                                                                        Jimenez",Julian Jimenez,JAX,Julian Jimenez (JAX),Jr,OF,3,12,4.00,Yes,8,4,0.33,1,1,0,0,0,0,4,33.33%,2,16.67%,6,50.00%,0,0,0.125,0.167,0.417,0.125,0.542,0.000,0,0,0,1,0,1,3,2,1.50,0.68
36,"Stan
                                                                        King",Stan King,JAX,Stan King (JAX),Jr,IF,2,9,4.50,Yes,9,2,0.22,2,2,0,0,0,1,0,0.00%,1,11.11%,1,11.11%,0,0,0.222,0.250,0.222,0.222,0.444,0.000,0,0,0,2,0,2,5,1,5.00,0.00
20,"Caden
                                                                        Contant",Caden Contant,JAX,Caden Contant (JAX),Jr,IF,3,11,3.67,Yes,6,3,0.27,1,1,0,0,0,1,5,45.45%,3,27.27%,8,72.73%,1,0,0.167,0.333,0.545,0.167,0.712,0.000,0,0,0,1,0,1,1,1,1.00,1.28
32,"Gunnar
                                                                        Bingham",Gunnar Bingham,JAX,Gunnar Bingham (JAX),So,OF,2,10,5.00,Yes,8,1,0.10,2,2,0,0,0,3,2,20.00%,4,40.00%,6,60.00%,0,0,0.250,0.500,0.400,0.250,0.650,0.000,0,0,0,2,0,0,0,2,-,1.01
16,"Trey
                                                                        Racherbaumer",Trey Racherbaumer,JAX,Trey Racherbaumer (JAX),Jr,C,4,11,2.75,Yes,7,1,0.09,1,1,0,0,0,0,4,36.36%,2,18.18%,6,54.55%,0,0,0.143,0.200,0.455,0.143,0.598,0.000,0,0,0,1,0,0,2,2,1.00,0.93
28,"Brian
                                                                        Daker",Brian Daker,JAX,Brian Daker (JAX),Fr,C,2,9,4.50,Yes,8,1,0.11,3,3,0,0,0,1,1,11.11%,4,44.44%,5,55.56%,0,0,0.375,0.750,0.444,0.375,0.819,0.000,0,0,0,3,0,0,0,1,-,1.45
44,"Nick
                                                                        Varon",Nick Varon,JAX,Nick Varon (JAX),Sr,IF,2,10,5.00,Yes,8,0,0.00,1,0,1,0,0,0,2,20.00%,2,20.00%,4,40.00%,0,0,0.125,0.167,0.300,0.250,0.550,0.125,0,0,0,2,1,0,2,2,1.00,0.76
0,"Austin
                                                                        Epperson",Austin Epperson,JAX,Austin Epperson (JAX),SO,,2,10,5.00,Yes,4,0,0.00,0,0,0,0,0,1,5,50.00%,2,20.00%,7,70.00%,0,2,0.000,0.000,0.600,0.000,0.600,0.000,1,0,0,0,0,1,2,0,-,0.47
38,"Matt
                                                                        Houston",Matt Houston,JAX,Matt Houston (JAX),So,C,2,10,5.00,Yes,7,1,0.10,1,1,0,0,0,5,2,20.00%,1,10.00%,3,30.00%,0,0,0.143,0.143,0.300,0.143,0.443,0.000,0,1,0,1,0,0,1,2,0.50,0.61
24,"Trent
                                                                        Lawrence",Trent Lawrence,JAX,Trent Lawrence (JAX),So,IF,2,7,3.50,Yes,6,0,0.00,0,0,0,0,0,1,1,14.29%,4,57.14%,5,71.43%,0,0,0.000,0.000,0.143,0.000,0.143,0.000,0,0,0,0,0,0,0,2,-,0.04
41,"Gavin
                                                                        Arseneau",Gavin Arseneau,JAX,Gavin Arseneau (JAX),Jr,OF,1,6,6.00,Yes,4,3,0.50,2,1,1,0,0,1,1,16.67%,0,0.00%,1,16.67%,2,0,0.500,0.500,0.667,0.750,1.417,0.250,1,0,0,3,1,0,0,1,-,3.04
17,"Jackson
                                                                        Bryan",Jackson Bryan,JAX,Jackson Bryan (JAX),Jr,C,2,7,3.50,Yes,4,0,0.00,0,0,0,0,0,0,2,28.57%,4,57.14%,6,85.71%,0,0,0.000,###############################################################################################################################################################################################################################################################,0.429,0.000,0.429,0.000,1,0,0,0,0,0,0,0,-,0.33
7,"Jackson
                                                                        Blemler",Jackson Blemler,JAX,Jackson Blemler (JAX),Jr,IF,1,4,4.00,Yes,3,2,0.50,1,1,0,0,0,0,0,0.00%,0,0.00%,0,0.00%,0,0,0.333,0.333,0.500,0.333,0.833,0.000,1,0,0,1,0,0,1,1,1.00,0.63
30,"Bryson
                                                                        Lofton",Bryson Lofton,OFL,Bryson Lofton (OFL),Jr,IF,4,17,4.25,Yes,12,4,0.24,3,1,1,0,1,3,5,29.41%,0,0.00%,6,35.29%,2,0,0.250,0.182,0.471,0.583,1.054,0.333,0,0,0,7,2,0,3,6,0.50,4.40
31,"Andy
                                                                        Niebrugge",Andy Niebrugge,OFL,Andy Niebrugge (OFL),Jr,IF,4,13,3.25,Yes,10,4,0.31,4,3,1,0,0,1,2,15.38%,0,0.00%,2,15.38%,2,0,0.400,0.400,0.538,0.500,1.038,0.100,1,0,0,5,1,0,2,2,1.00,3.67
2,"Kade
                                                                        Wood",Kade Wood,OFL,Kade Wood (OFL),Sr,IF,3,13,4.33,Yes,10,2,0.15,3,2,1,0,0,2,1,7.69%,0,0.00%,1,7.69%,3,0,0.300,0.273,0.385,0.400,0.785,0.100,1,1,0,4,1,0,3,5,0.60,2.54
11,"Ryan
                                                                        Stevens",Ryan Stevens,OFL,Ryan Stevens (OFL),Fr,C,3,13,4.33,Yes,8,0,0.00,1,1,0,0,0,0,5,38.46%,3,23.08%,8,61.54%,2,1,0.125,0.200,0.462,0.125,0.587,0.000,0,0,0,1,0,0,3,1,3.00,1.28
28,"Will
                                                                        Briggs",Will Briggs,OFL,Will Briggs (OFL),Fr,C,2,9,4.50,Yes,9,0,0.00,2,2,0,0,0,0,0,0.00%,2,22.22%,2,22.22%,0,0,0.222,0.286,0.222,0.222,0.444,0.000,0,0,0,2,0,0,3,2,1.50,0.44
15,"Aiden
                                                                        Heberlie",Aiden Heberlie,OFL,Aiden Heberlie (OFL),So,OF,2,9,4.50,Yes,9,0,0.00,0,0,0,0,0,0,0,0.00%,3,33.33%,3,33.33%,0,0,0.000,0.000,0.000,0.000,0.000,0.000,0,0,0,0,0,0,4,2,2.00,0.00
5,"Justin
                                                                        Simard",Justin Simard,OFL,Justin Simard (OFL),So,IF,2,8,4.00,Yes,8,2,0.25,3,2,1,0,0,0,0,0.00%,3,37.50%,3,37.50%,1,0,0.375,0.600,0.375,0.500,0.875,0.125,0,0,0,4,1,0,1,1,1.00,1.70
13,"Maury
                                                                        Weaver",Maury Weaver,OFL,Maury Weaver (OFL),Sr,IF,2,9,4.50,Yes,8,2,0.22,1,0,1,0,0,1,1,11.11%,3,33.33%,4,44.44%,2,0,0.125,0.200,0.222,0.250,0.472,0.125,0,0,0,2,1,0,1,3,0.33,0.73
14,"Henry
                                                                        Zenor",Henry Zenor,OFL,Henry Zenor (OFL),Fr,OF,2,9,4.50,Yes,7,0,0.00,2,2,0,0,0,1,1,11.11%,2,22.22%,3,33.33%,2,0,0.286,0.400,0.444,0.286,0.730,0.000,1,0,0,2,0,0,2,1,2.00,1.58
23,"Kyle
                                                                        Byrne",Kyle Byrne,OFL,Kyle Byrne (OFL),Fr,OF,2,8,4.00,Yes,7,2,0.25,2,0,1,0,1,4,1,12.50%,1,12.50%,3,37.50%,0,0,0.286,0.200,0.375,0.857,1.232,0.571,0,0,0,6,2,0,1,3,0.33,2.35
33,"Zach
                                                                        Beatty",Zach Beatty,OFL,Zach Beatty (OFL),Jr,OF,2,8,4.00,Yes,5,1,0.13,1,0,1,0,0,3,2,25.00%,1,12.50%,3,37.50%,1,0,0.200,0.200,0.375,0.400,0.775,0.200,0,1,0,2,1,0,2,3,0.67,1.34
19,"Braden
                                                                        Hackworth",Braden Hackworth,OFL,Braden Hackworth (OFL),Fr,OF,2,8,4.00,Yes,7,1,0.13,1,1,0,0,0,1,1,12.50%,3,37.50%,4,50.00%,0,0,0.143,0.250,0.250,0.143,0.393,0.000,0,0,0,1,0,0,1,1,1.00,0.32
17,"Tyler
                                                                        Lang",Tyler Lang,OFL,Tyler Lang (OFL),Fr,C,2,8,4.00,Yes,6,1,0.13,0,0,0,0,0,0,1,12.50%,1,12.50%,2,25.00%,0,0,0.000,0.000,0.250,0.000,0.250,0.000,1,0,0,0,0,0,1,3,0.33,0.13
26,"Ben
                                                                        Stedman",Ben Stedman,OFL,Ben Stedman (OFL),Jr,IF,2,7,3.50,Yes,5,2,0.29,2,1,1,0,0,3,1,14.29%,1,14.29%,2,28.57%,1,0,0.400,0.500,0.571,0.600,1.171,0.200,1,0,0,3,1,0,2,0,-,2.31
29,"Brady
                                                                        Coon",Brady Coon,OFL,Brady Coon (OFL),Fr,OF,1,4,4.00,Yes,4,0,0.00,0,0,0,0,0,0,0,0.00%,1,25.00%,1,25.00%,0,0,0.000,0.000,0.000,0.000,0.000,0.000,0,0,0,0,0,0,1,1,1.00,0.00
24,"Brady
                                                                        Wilson",Brady Wilson,OFL,Brady Wilson (OFL),Fr,OF,2,7,3.50,Yes,4,2,0.29,0,0,0,0,0,0,3,42.86%,2,28.57%,5,71.43%,1,0,0.000,0.000,0.429,0.000,0.429,0.000,0,0,0,0,0,0,0,2,-,0.56
17,"Jaison
                                                                        Andujar",Jaison Andujar,SPR,Jaison Andujar (SPR),Sr,OF,3,12,4.00,Yes,10,1,0.08,1,1,0,0,0,0,1,8.33%,5,41.67%,6,50.00%,1,0,0.100,0.200,0.250,0.100,0.350,0.000,1,0,0,1,0,0,3,1,3.00,0.51
10,"Gavin
                                                                        Erhardt",Gavin Erhardt,SPR,Gavin Erhardt (SPR),Fr,OF,3,13,4.33,Yes,10,0,0.00,0,0,0,0,0,1,2,15.38%,4,30.77%,6,46.15%,0,0,0.000,0.000,0.231,0.000,0.231,0.000,1,0,0,0,0,0,4,1,4.00,0.18
32,"Tyler
                                                                        Butina",Tyler Butina,SPR,Tyler Butina (SPR),Fr,IF,3,11,3.67,Yes,10,1,0.09,3,2,1,0,0,2,1,9.09%,2,18.18%,3,27.27%,0,0,0.300,0.375,0.364,0.400,0.764,0.100,0,0,0,4,1,0,4,1,4.00,1.55
5,"Kannon
                                                                        Kirk",Kannon Kirk,SPR,Kannon Kirk (SPR),Fr,IF,3,13,4.33,Yes,8,2,0.15,3,3,0,0,0,0,3,23.08%,3,23.08%,6,46.15%,0,0,0.375,0.600,0.615,0.375,0.990,0.000,2,0,0,3,0,0,2,0,-,2.65
4,"Jimmy
                                                                        Koza",Jimmy Koza,SPR,Jimmy Koza (SPR),So,IF,3,13,4.33,Yes,10,1,0.08,3,3,0,0,0,1,2,15.38%,4,30.77%,6,46.15%,2,0,0.300,0.500,0.462,0.300,0.762,0.000,1,0,0,3,0,1,2,1,2.00,1.85
2,"Kyle
                                                                        Tyler",Kyle Tyler,SPR,Kyle Tyler (SPR),Fr,IF,3,10,3.33,Yes,9,0,0.00,0,0,0,0,0,1,1,10.00%,6,60.00%,7,70.00%,0,0,0.000,0.000,0.100,0.000,0.100,0.000,0,0,0,0,0,0,0,3,-,0.03
12,"Ryan
                                                                        Brosius",Ryan Brosius,SPR,Ryan Brosius (SPR),Fr,OF,3,11,3.67,Yes,8,1,0.09,0,0,0,0,0,1,3,27.27%,5,45.45%,8,72.73%,1,0,0.000,0.000,0.273,0.000,0.273,0.000,0,0,0,0,0,0,1,2,0.50,0.35
6,"Cooper
                                                                        Cohn",Cooper Cohn,SPR,Cooper Cohn (SPR),Fr,C,2,7,3.50,Yes,7,0,0.00,0,0,0,0,0,0,0,0.00%,3,42.86%,3,42.86%,0,0,0.000,0.000,0.000,0.000,0.000,0.000,0,0,0,0,0,0,2,2,1.00,0.00
9,"Tristan
                                                                        Meny",Tristan Meny,SPR,Tristan Meny (SPR),Jr,IF,2,7,3.50,Yes,7,0,0.00,1,1,0,0,0,0,0,0.00%,2,28.57%,2,28.57%,0,0,0.143,0.200,0.143,0.143,0.286,0.000,0,0,0,1,0,0,4,0,-,0.14
23,"Harry
                                                                        Oden",Harry Oden,SPR,Harry Oden (SPR),Fr,OF,2,7,3.50,Yes,5,1,0.14,0,0,0,0,0,0,1,14.29%,4,57.14%,5,71.43%,0,0,0.000,0.000,0.286,0.000,0.286,0.000,1,0,0,0,0,0,1,0,-,0.15
25,"Charlie
                                                                        Marisca",Charlie Marisca,SPR,Charlie Marisca (SPR),So,C,1,5,5.00,Yes,1,0,0.00,0,0,0,0,0,1,4,80.00%,0,0.00%,4,80.00%,0,0,0.000,0.000,0.800,0.000,0.800,0.000,0,0,0,0,0,0,1,0,-,0.83
7,"Karl
                                                                        Peters",Karl Peters,THR,Karl Peters (THR),Jr,IF,3,14,4.67,Yes,13,2,0.14,3,3,0,0,0,1,1,7.14%,5,35.71%,6,42.86%,2,0,0.231,0.375,0.286,0.231,0.517,0.000,0,0,0,3,0,0,1,4,0.25,1.23
35,"Bryson
                                                                        Arnette",Bryson Arnette,THR,Bryson Arnette (THR),Jr,IF,3,13,4.33,Yes,12,3,0.23,5,2,2,0,1,6,1,7.69%,1,7.69%,3,23.08%,0,0,0.417,0.400,0.462,0.833,1.295,0.416,0,0,0,10,3,0,3,2,1.50,4.74
34,"Jackson
                                                                        Lindsey",Jackson Lindsey,THR,Jackson Lindsey (THR),Jr,IF,3,13,4.33,Yes,12,4,0.31,5,3,2,0,0,3,1,7.69%,6,46.15%,7,53.85%,0,0,0.417,0.833,0.462,0.583,1.045,0.166,0,0,0,7,2,0,0,1,-,3.35
25,"Cameron
                                                                        Hill",Cameron Hill,THR,Cameron Hill (THR),So,OF,3,13,4.33,Yes,11,1,0.08,3,3,0,0,0,0,2,15.38%,4,30.77%,6,46.15%,1,0,0.273,0.429,0.385,0.273,0.658,0.000,0,0,0,3,0,0,2,2,1.00,1.55
5,"Jack
                                                                        Porter",Jack Porter,THR,Jack Porter (THR),Fr,OF,3,13,4.33,Yes,11,4,0.31,4,2,2,0,0,1,2,15.38%,1,7.69%,3,23.08%,0,0,0.364,0.400,0.462,0.545,1.007,0.181,0,0,0,6,2,0,2,3,0.67,3.01
16,"Michael
                                                                        Mylott",Michael Mylott,THR,Michael Mylott (THR),Jr,OF,3,9,3.00,Yes,9,2,0.22,3,1,0,1,1,5,0,0.00%,1,11.11%,2,22.22%,0,0,0.333,0.286,0.333,0.889,1.222,0.556,0,0,0,8,2,0,3,1,3.00,2.67
9,"Brendan
                                                                        Brock",Brendan Brock,THR,Brendan Brock (THR),Fr,C,2,9,4.50,Yes,8,3,0.33,2,2,0,0,0,0,0,0.00%,2,22.22%,2,22.22%,1,0,0.250,0.333,0.333,0.250,0.583,0.000,1,0,0,2,0,0,1,3,0.33,0.93
3,"Josh
                                                                        Griffin",Josh Griffin,THR,Josh Griffin (THR),Jr,IF,2,8,4.00,Yes,8,0,0.00,2,2,0,0,0,0,0,0.00%,3,37.50%,3,37.50%,0,0,0.250,0.400,0.250,0.250,0.500,0.000,0,0,0,2,0,0,3,0,-,0.50
2,"Kaleb
                                                                        Herbert",Kaleb Herbert,THR,Kaleb Herbert (THR),Jr,IF,2,7,3.50,Yes,6,1,0.14,1,0,0,0,1,1,1,14.29%,1,14.29%,3,42.86%,0,0,0.167,0.000,0.286,0.667,0.953,0.500,0,0,0,4,1,0,2,2,1.00,1.22
8,"Kam
                                                                        Edwards",Kam Edwards,THR,Kam Edwards (THR),Jr,OF,1,5,5.00,Yes,4,1,0.20,0,0,0,0,0,0,1,20.00%,0,0.00%,1,20.00%,0,0,0.000,0.000,0.200,0.000,0.200,0.000,0,0,0,0,0,0,4,0,-,0.05
10,"Alex
                                                                        Zimmerman",Alex Zimmerman,THR,Alex Zimmerman (THR),Jr,IF,2,4,2.00,No,4,0,0.00,0,0,0,0,0,0,0,0.00%,0,0.00%,0,0.00%,0,0,0.000,0.000,0.000,0.000,0.000,0.000,0,0,0,0,0,1,2,2,1.00,0.00
4,"Charlie
                                                                        Isom-McCall",Charlie Isom-McCall,THR,Charlie Isom-McCall (THR),Fr,IF,1,4,4.00,Yes,3,0,0.00,1,1,0,0,0,1,1,25.00%,0,0.00%,1,25.00%,0,0,0.333,0.333,0.500,0.333,0.833,0.000,0,0,0,1,0,0,1,1,1.00,0.63
17,"Houston
                                                                        Clark",Houston Clark,THR,Houston Clark (THR),Fr,C,1,3,3.00,Yes,3,0,0.00,0,0,0,0,0,0,0,0.00%,1,33.33%,1,33.33%,0,0,0.000,0.000,0.000,0.000,0.000,0.000,0,0,0,0,0,0,0,2,-,0.00
