#,Name (Original),Name,Team,Abbreviation,Name (Team),Year,Position,Team G Played,Qualified,G,GS,W,L,SV,CG,IP,H,R,ER,BB,K,K/9,HR,ERA,WHIP,2B,3B,AVG,WP,HBP,BK,SF,SH,H/9,BB/9,FIP,,
0,"Scott
                                                                        Detweiler",Scott Detweiler,Alton River Dragons,ALT,Scott Detweiler (ALT),Sr,LHP,17,No,8,0,1,0,0,0,12.33,12,8,7,11,5,3.65,0,5.11,1.86,4,0,0.261,2,0,0,2,0,8.76,8.03,9.46,,
2,"Bryce
                                                                        Louis",Bryce Louis,Alton River Dragons,ALT,Bryce Louis (ALT),So,RHP,17,Yes,6,1,2,2,0,0,20.00,12,7,4,7,16,7.20,0,1.80,0.95,5,0,0.190,0,2,2,5,0,5.40,3.15,7.34,,
16,"Jackson
                                                                        Rodgers",Jackson Rodgers,Alton River Dragons,ALT,Jackson Rodgers (ALT),Fr,RHP,17,No,2,2,0,1,0,0,5.33,6,9,8,7,8,13.50,2,13.50,2.44,2,0,0.261,0,0,0,0,0,10.13,11.82,13.41,,
18,"Gavin
                                                                        Kinworthy",Gavin Kinworthy,Alton River Dragons,ALT,Gavin Kinworthy (ALT),Jr,RHP,17,No,3,1,1,0,0,0,10.33,9,4,3,8,6,5.23,0,2.61,1.65,3,0,0.237,0,1,0,0,0,7.84,6.97,9.04,,
19,"Aidan
                                                                        Adams",Aidan Adams,Alton River Dragons,ALT,Aidan Adams (ALT),Fr,RHP,17,No,6,0,0,1,0,0,8.00,15,10,9,5,4,4.50,2,10.13,2.50,0,1,0.405,1,1,0,0,0,16.88,5.63,12.09,,
22,"Tanner
                                                                        Paschke",Tanner Paschke,Alton River Dragons,ALT,Tanner Paschke (ALT),Fr,RHP,17,No,5,0,2,0,0,0,9.33,7,4,4,6,10,9.64,0,3.86,1.39,0,0,0.219,0,0,0,1,1,6.75,5.79,7.38,,
25,"Connor
                                                                        Jackson",Connor Jackson,Alton River Dragons,ALT,Connor Jackson (ALT),So,RHP,17,No,5,0,0,0,0,0,5.33,8,7,6,6,5,8.44,1,10.13,2.63,2,0,0.333,4,3,0,0,0,13.51,10.13,13.22,,
26,"Jacob
                                                                        Hammer",Jacob Hammer,Alton River Dragons,ALT,Jacob Hammer (ALT),Sr,RHP,17,No,6,0,0,0,0,0,8.33,9,6,5,6,6,6.48,0,5.40,1.80,2,0,0.300,1,1,0,0,0,9.72,6.48,8.67,,
30,"Lucas
                                                                        Johns",Lucas Johns,Alton River Dragons,ALT,Lucas Johns (ALT),Fr,RHP,17,No,2,2,0,0,0,0,7.33,6,4,2,9,4,4.91,0,2.45,2.05,4,1,0.222,1,1,0,1,0,7.37,11.05,10.59,,
33,"Gabe
                                                                        Smith",Gabe Smith,Alton River Dragons,ALT,Gabe Smith (ALT),Fr,RHP,17,Yes,4,4,0,0,0,0,17.00,12,4,2,5,13,6.88,0,1.06,1.00,3,0,0.197,2,0,0,1,0,6.35,2.65,6.95,,
35,"Aaditya
                                                                        Sur",Aaditya Sur,Alton River Dragons,ALT,Aaditya Sur (ALT),So,C,17,No,2,0,0,0,0,0,1.33,4,4,2,2,0,0.00,0,13.50,4.50,2,0,0.500,2,0,0,0,0,27.07,13.53,12.10,,
36,"Dylan
                                                                        Mannino",Dylan Mannino,Alton River Dragons,ALT,Dylan Mannino (ALT),Fr,RHP,17,No,4,4,0,3,0,0,10.67,25,22,19,9,7,5.91,2,16.03,3.19,8,0,0.455,0,1,1,1,0,21.09,7.59,11.53,,
37,"Logan
                                                                        Geggus",Logan Geggus,Alton River Dragons,ALT,Logan Geggus (ALT),Fr,LHP,17,No,3,0,1,0,0,0,2.33,3,4,4,6,5,19.29,0,15.43,3.86,0,0,0.300,0,1,0,0,0,11.59,23.18,12.31,,
41,"Jack
                                                                        Gazdacka",Jack Gazdacka,Alton River Dragons,ALT,Jack Gazdacka (ALT),So,IF,17,No,5,0,0,0,0,0,5.33,9,11,8,6,2,3.38,0,13.50,2.81,3,0,0.375,0,3,0,0,0,15.20,10.13,11.91,,
46,"I Hung
                                                                        Yeh",I Hung Yeh,Alton River Dragons,ALT,I Hung Yeh (ALT),Fr,RHP,17,No,3,3,2,1,0,0,15.00,18,7,7,2,4,2.40,0,4.20,1.33,6,1,0.290,0,1,0,0,0,10.80,1.20,7.66,,
49,"Harrison
                                                                        Dubois",Harrison Dubois,Alton River Dragons,ALT,Harrison Dubois (ALT),Jr,RHP,17,No,7,0,0,0,6,0,9.67,4,3,3,2,14,13.03,0,2.79,0.62,1,0,0.121,0,1,1,1,0,3.72,1.86,5.63,,
3,"Kyle
                                                                        Looper",Kyle Looper,Burlington Bees,BRL,Kyle Looper (BRL),SR,LHP,15,No,3,0,0,1,0,0,2.67,7,9,9,5,3,10.13,0,30.38,4.50,4,0,0.467,0,2,0,0,0,23.60,16.85,13.21,,
8,"Joe
                                                                        Evans",Joe Evans,Burlington Bees,BRL,Joe Evans (BRL),SO,LHP,15,Yes,5,0,2,1,0,0,16.67,18,8,5,7,12,6.48,1,2.70,1.50,2,0,0.281,2,2,0,1,0,9.72,3.78,8.55,,
22,"Shea
                                                                        Blanchard",Shea Blanchard,Burlington Bees,BRL,Shea Blanchard (BRL),FR,RHP,15,No,2,2,0,2,0,0,5.67,8,9,9,4,3,4.76,3,14.29,2.12,2,0,0.313,3,0,0,1,0,12.70,6.35,15.53,,
79,"Jacob
                                                                        Zahner",Jacob Zahner,Burlington Bees,BRL,Jacob Zahner (BRL),FR,RHP,15,No,3,3,0,2,0,0,10.67,11,11,8,8,7,5.91,0,6.75,1.78,3,0,0.256,1,3,0,0,0,9.28,6.75,9.37,,
23,"Jack
                                                                        Duncan",Jack Duncan,Burlington Bees,BRL,Jack Duncan (BRL),FR,RHP,15,No,3,0,0,0,1,0,6.33,2,1,0,1,5,7.11,0,0.00,0.47,2,0,0.091,0,0,0,0,0,2.84,1.42,6.49,,
27,"Michael
                                                                        Schaul",Michael Schaul,Burlington Bees,BRL,Michael Schaul (BRL),SO,RHP,15,No,3,0,0,0,0,0,4.67,7,5,5,2,3,5.79,0,9.64,1.93,2,0,0.368,3,1,0,2,0,13.49,3.85,8.23,,
29,"David
                                                                        Theriot, Jr.","David Theriot, Jr.",Burlington Bees,BRL,"David Theriot, Jr. (BRL)",SR,RHP,15,No,4,0,0,0,0,0,6.00,11,2,1,5,6,9.00,0,1.50,2.67,4,0,0.342,0,1,0,0,0,16.50,7.50,8.59,,
33,"Bobby
                                                                        Helt",Bobby Helt,Burlington Bees,BRL,Bobby Helt (BRL),JR,RHP,15,Yes,5,1,1,0,1,0,18.67,20,8,5,2,18,8.68,1,2.41,1.18,3,0,0.270,7,0,0,0,0,9.64,0.96,6.68,,
34,"Erik
                                                                        Kiewiet",Erik Kiewiet,Burlington Bees,BRL,Erik Kiewiet (BRL),JR,RHP,15,No,4,0,0,0,0,0,4.00,8,11,7,4,6,13.50,0,15.75,3.00,3,0,0.348,4,3,0,0,0,18.00,9.00,9.84,,
36,"Vinny
                                                                        Mauro",Vinny Mauro,Burlington Bees,BRL,Vinny Mauro (BRL),SO,RHP,15,No,2,1,0,1,0,0,2.00,2,3,3,3,4,18.00,0,13.50,2.50,0,0,0.250,3,0,1,0,0,9.00,13.50,8.09,,
39,"Jimmy
                                                                        McCarthy",Jimmy McCarthy,Burlington Bees,BRL,Jimmy McCarthy (BRL),SO,RHP,15,No,3,0,0,0,0,0,5.33,3,6,6,7,9,15.19,0,10.13,1.88,1,0,0.176,0,1,0,1,0,5.07,11.82,8.72,,
41,"Chase
                                                                        Golden",Chase Golden,Burlington Bees,BRL,Chase Golden (BRL),SO,RHP,15,No,6,0,1,1,0,0,7.67,9,9,7,6,7,8.22,1,8.22,1.96,0,0,0.300,4,0,0,0,2,10.56,7.04,9.81,,
46,"Preston
                                                                        Kaufman",Preston Kaufman,Burlington Bees,BRL,Preston Kaufman (BRL),JR,RHP,15,No,1,0,0,0,0,0,3.00,5,7,7,4,1,3.00,0,21.00,3.00,3,0,0.417,0,1,0,1,0,15.00,12.00,11.93,,
50,"Zach
                                                                        Leuschen",Zach Leuschen,Burlington Bees,BRL,Zach Leuschen (BRL),FR,LHP,15,No,5,0,0,1,0,0,6.33,11,7,7,2,4,5.68,1,9.95,2.05,4,0,0.407,1,0,1,1,1,15.64,2.84,9.33,,
51,"Jacob
                                                                        Sjuts",Jacob Sjuts,Burlington Bees,BRL,Jacob Sjuts (BRL),SO,RHP,15,No,3,1,0,0,0,0,3.67,2,1,0,4,3,7.36,0,0.00,1.64,0,0,0.167,1,0,0,1,1,4.90,9.81,9.23,,
26,"Noah
                                                                        Harbin",Noah Harbin,Burlington Bees,BRL,Noah Harbin (BRL),FR,RHP,15,No,2,2,0,1,0,0,8.00,7,6,6,7,10,11.25,2,6.75,1.75,1,0,0.226,3,0,0,0,0,7.88,7.88,10.97,,
91,"Nathan
                                                                        Chapman",Nathan Chapman,Burlington Bees,BRL,Nathan Chapman (BRL),FR,RHP,15,No,2,2,0,0,0,0,3.33,2,4,4,3,3,8.10,0,10.80,1.50,0,0,0.167,1,1,0,0,0,5.41,8.11,9.39,,
98,"Jackson
                                                                        Wohlers",Jackson Wohlers,Burlington Bees,BRL,Jackson Wohlers (BRL),FR,RHP,15,No,3,3,0,1,0,0,11.00,6,8,7,5,14,11.45,0,5.73,1.00,0,0,0.154,1,10,0,0,0,4.91,4.09,9.14,,
0,"Will
                                                                        Richardson",Will Richardson,Cape Catfish,CGR,Will Richardson (CGR),Fr,LHP,17,No,3,0,0,0,0,0,3.67,2,3,1,6,6,14.73,0,2.45,2.18,0,0,0.154,0,2,0,0,0,4.90,14.71,10.86,,
3,"Kam
                                                                        Dohogne",Kam Dohogne,Cape Catfish,CGR,Kam Dohogne (CGR),Jr,LHP,17,No,3,3,0,1,0,0,14.00,15,10,7,2,9,5.79,2,4.50,1.21,1,1,0.268,0,0,0,0,1,9.64,1.29,8.59,,
7,"Ty
                                                                        Allen",Ty Allen,Cape Catfish,CGR,Ty Allen (CGR),Fr,OF,17,No,2,1,0,0,0,0,4.00,2,1,1,3,6,13.50,0,2.25,1.25,1,0,0.154,2,0,0,0,0,4.50,6.75,6.84,,
8,"Arlon
                                                                        Butts",Arlon Butts,Cape Catfish,CGR,Arlon Butts (CGR),Sr,RHP,17,No,6,0,0,1,2,0,6.33,4,4,2,1,9,12.79,1,2.84,0.79,2,0,0.174,1,0,0,1,0,5.69,1.42,7.28,,
9,"Raymond
                                                                        Ochoa",Raymond Ochoa,Cape Catfish,CGR,Raymond Ochoa (CGR),Jr,RHP,17,No,4,3,0,2,0,0,11.00,15,14,12,7,15,12.27,1,9.82,2.00,2,2,0.313,2,0,0,0,1,12.27,5.73,7.96,,
12,"Jorge
                                                                        Romero",Jorge Romero,Cape Catfish,CGR,Jorge Romero (CGR),Jr,RHP,17,No,3,3,0,0,0,0,13.00,13,9,5,7,11,7.62,0,3.46,1.54,4,0,0.255,1,4,1,1,0,9.00,4.85,8.44,,
14,"Blake
                                                                        Kincaid",Blake Kincaid,Cape Catfish,CGR,Blake Kincaid (CGR),Sr,RHP,17,No,3,3,0,0,0,0,9.00,8,5,4,2,5,5.00,1,4.00,1.11,1,1,0.235,1,0,0,0,0,8.00,2.00,8.59,,
17,"Jordan
                                                                        Riley",Jordan Riley,Cape Catfish,CGR,Jordan Riley (CGR),Fr,RHP,17,No,4,0,0,1,0,0,5.67,3,3,2,3,8,12.71,1,3.18,1.06,1,0,0.150,2,0,0,1,0,4.76,4.76,8.65,,
18,"Jesse
                                                                        Komoroski",Jesse Komoroski,Cape Catfish,CGR,Jesse Komoroski (CGR),Jr,RHP,17,No,4,0,0,1,0,0,3.67,8,3,3,4,5,12.27,1,7.36,3.27,3,0,0.471,2,0,0,0,0,19.62,9.81,11.68,,
20,"John-Paul
                                                                        Sauer",John-Paul Sauer,Cape Catfish,CGR,John-Paul Sauer (CGR),Fr,RHP,17,No,2,2,0,0,0,0,11.00,7,3,2,4,6,4.91,1,1.64,1.00,3,0,0.179,0,0,0,1,0,5.73,3.27,8.77,,
21,"Walker
                                                                        Brodt",Walker Brodt,Cape Catfish,CGR,Walker Brodt (CGR),Fr,RHP,17,No,5,0,1,0,2,0,9.33,9,2,2,3,13,12.54,0,1.93,1.29,2,0,0.243,0,0,0,0,0,8.68,2.89,5.77,,
22,"Drew
                                                                        Wedgeworth",Drew Wedgeworth,Cape Catfish,CGR,Drew Wedgeworth (CGR),Fr,LHP,17,No,6,0,2,0,0,0,15.67,9,2,2,3,14,8.04,1,1.15,0.77,0,0,0.176,0,2,0,0,2,5.17,1.72,7.59,,
24,"Cameron
                                                                        Marchi",Cameron Marchi,Cape Catfish,CGR,Cameron Marchi (CGR),So,RHP,17,No,6,0,2,3,0,0,6.67,8,11,6,5,7,9.45,1,8.10,1.95,3,0,0.286,1,0,0,0,0,10.79,6.75,9.69,,
25,"Owen
                                                                        Clark",Owen Clark,Cape Catfish,CGR,Owen Clark (CGR),Jr,LHP,17,No,4,2,1,0,0,0,13.00,9,3,2,8,20,13.85,0,1.38,1.31,1,0,0.184,4,3,0,0,0,6.23,5.54,7.05,,
27,"Bryce
                                                                        Lopez",Bryce Lopez,Cape Catfish,CGR,Bryce Lopez (CGR),Fr,LHP,17,No,1,0,0,0,0,0,1.33,1,0,0,0,2,13.50,0,0.00,0.75,0,0,0.200,0,2,0,0,0,6.77,0.00,9.10,,
29,"Korey
                                                                        Bunselmeyer",Korey Bunselmeyer,Cape Catfish,CGR,Korey Bunselmeyer (CGR),Sr,RHP,17,No,4,0,1,1,0,0,9.00,9,7,5,2,14,14.00,0,5.00,1.22,0,1,0.257,1,3,0,0,0,9.00,2.00,6.15,,
32,"Connor
                                                                        Pierce",Connor Pierce,Cape Catfish,CGR,Connor Pierce (CGR),Fr,LHP,17,No,1,0,0,0,0,0,1.00,0,0,0,1,1,9.00,0,0.00,1.00,0,0,0.000,0,0,0,0,0,0.00,9.00,8.59,,
35,"Dylan
                                                                        Peck",Dylan Peck,Cape Catfish,CGR,Dylan Peck (CGR),So,RHP,17,No,1,0,0,0,0,0,1.33,3,2,2,0,1,6.75,1,13.50,2.25,0,0,0.500,0,0,0,0,0,20.30,0.00,15.86,,
53,"Isaac
                                                                        Vedder",Isaac Vedder,Cape Catfish,CGR,Isaac Vedder (CGR),So,RHP,17,No,7,0,0,0,0,0,7.33,2,1,1,6,7,8.59,0,1.23,1.09,0,0,0.087,5,1,0,0,0,2.46,7.37,8.55,,
57,"Bryce
                                                                        Kemper",Bryce Kemper,Cape Catfish,CGR,Bryce Kemper (CGR),Fr,RHP,17,No,4,0,0,0,0,0,4.67,2,3,3,5,3,5.79,0,5.79,1.50,0,0,0.125,1,0,1,0,0,3.85,9.64,9.52,,
14,"Tristan
                                                                        Harley",Tristan Harley,Champion City Kings,CCY,Tristan Harley (CCY),So,LHP,16,Yes,4,3,1,1,0,0,20.00,25,12,9,7,17,7.65,1,4.05,1.60,3,1,0.313,2,2,0,1,0,11.25,3.15,7.89,,
25,"Julian
                                                                        Minaya",Julian Minaya,Champion City Kings,CCY,Julian Minaya (CCY),Sr,RHP,16,Yes,4,4,2,1,0,0,19.33,16,12,11,12,16,7.45,0,5.12,1.45,4,0,0.222,0,3,0,3,1,7.45,5.59,8.26,,
28,"Joe
                                                                        Tootle",Joe Tootle,Champion City Kings,CCY,Joe Tootle (CCY),Jr,RHP,16,Yes,4,2,0,1,1,0,17.33,23,14,13,6,15,7.79,4,6.75,1.67,5,0,0.324,0,0,2,0,0,11.94,3.12,9.90,,
26,"Bennett
                                                                        LaPalm",Bennett LaPalm,Champion City Kings,CCY,Bennett LaPalm (CCY),Fr,LHP,16,Yes,5,2,1,1,0,0,16.00,13,14,10,6,19,10.69,2,5.63,1.19,2,0,0.210,2,8,0,1,0,7.31,3.38,9.47,,
2,"Riley
                                                                        Niggemeyer",Riley Niggemeyer,Champion City Kings,CCY,Riley Niggemeyer (CCY),Fr,LHP,16,No,4,0,0,2,0,0,9.00,19,20,14,4,5,5.00,1,14.00,2.56,3,1,0.396,4,2,0,1,0,19.00,4.00,9.93,,
20,"Joe
                                                                        Stone",Joe Stone,Champion City Kings,CCY,Joe Stone (CCY),Fr,RHP,16,No,6,0,1,0,1,0,9.00,8,5,4,2,11,11.00,0,4.00,1.11,2,0,0.229,1,3,0,0,0,8.00,2.00,6.81,,
15,"Evan
                                                                        Ables",Evan Ables,Champion City Kings,CCY,Evan Ables (CCY),Fr,RHP,16,No,4,0,0,1,0,0,8.67,9,15,12,13,9,9.35,1,12.46,2.54,0,0,0.243,4,2,3,0,0,9.34,13.49,12.21,,
1,"Nate
                                                                        Miller",Nate Miller,Champion City Kings,CCY,Nate Miller (CCY),Jr,C,16,No,6,0,0,0,1,0,8.00,7,7,2,2,8,9.00,0,2.25,1.13,1,0,0.233,1,1,0,4,0,7.88,2.25,6.72,,
37,"Luke
                                                                        Swanger",Luke Swanger,Champion City Kings,CCY,Luke Swanger (CCY),Jr,RHP,16,No,5,1,1,1,0,0,7.33,9,6,3,4,3,3.68,1,3.68,1.77,3,0,0.300,2,2,0,1,0,11.05,4.91,11.00,,
13,"Andrew
                                                                        DeWitt",Andrew DeWitt,Champion City Kings,CCY,Andrew DeWitt (CCY),Jr,LHP,16,No,2,2,0,1,0,0,6.00,11,8,8,3,5,7.50,1,12.00,2.33,1,1,0.379,1,2,0,0,0,16.50,4.50,10.59,,
24,"Soren
                                                                        Strombeck",Soren Strombeck,Champion City Kings,CCY,Soren Strombeck (CCY),Fr,RHP,16,No,3,1,0,0,0,0,5.00,7,5,5,3,4,7.20,0,9.00,2.00,2,0,0.333,0,3,0,0,1,12.60,5.40,9.59,,
33,"Wesley
                                                                        Culley",Wesley Culley,Champion City Kings,CCY,Wesley Culley (CCY),Jr,LHP,16,No,3,0,0,1,0,0,4.00,4,4,3,1,5,11.25,0,6.75,1.25,0,0,0.250,0,0,0,1,0,9.00,2.25,5.84,,
39,"Jared
                                                                        Kraus",Jared Kraus,Champion City Kings,CCY,Jared Kraus (CCY),Fr,RHP,16,No,1,1,0,0,0,0,2.33,2,3,2,6,0,0.00,0,7.71,3.43,0,1,0.222,3,1,0,0,1,7.73,23.18,16.61,,
15,"Garrett
                                                                        Helsel",Garrett Helsel,Chillicothe Paints,CHI,Garrett Helsel (CHI),So,LHP,16,No,3,3,3,0,0,0,15.67,13,4,3,5,23,13.21,0,1.72,1.15,2,0,0.213,2,1,0,0,0,7.47,2.87,5.81,,
4,"Scotty
                                                                        Adelman",Scotty Adelman,Chillicothe Paints,CHI,Scotty Adelman (CHI),Jr,RHP,16,No,4,2,2,0,1,0,15.00,10,6,6,4,9,5.40,2,3.60,0.93,3,0,0.192,0,4,0,0,0,6.00,2.40,9.73,,
34,"Noah
                                                                        Williamson",Noah Williamson,Chillicothe Paints,CHI,Noah Williamson (CHI),Jr,P,16,No,3,2,2,0,0,0,14.33,14,3,1,4,16,10.05,0,0.63,1.26,2,0,0.255,1,0,0,1,0,8.79,2.51,6.20,,
16,"Jack
                                                                        Rollo",Jack Rollo,Chillicothe Paints,CHI,Jack Rollo (CHI),Fr,RHP,16,No,4,2,0,1,0,0,12.00,8,6,5,6,10,7.50,0,3.75,1.17,1,0,0.182,0,4,1,1,0,6.00,4.50,8.43,,
36,"Will
                                                                        Rettig",Will Rettig,Chillicothe Paints,CHI,Will Rettig (CHI),So,RHP,16,No,3,3,0,1,0,0,11.33,16,16,10,7,7,5.56,1,7.94,2.03,1,1,0.320,0,2,0,0,0,12.71,5.56,9.89,,
6,"Mikey
                                                                        Olivieri",Mikey Olivieri,Chillicothe Paints,CHI,Mikey Olivieri (CHI),So,RHP,16,No,5,0,0,0,0,0,8.67,7,5,5,4,9,9.35,3,5.19,1.27,1,0,0.212,2,2,0,1,0,7.27,4.15,12.09,,
2,"Cayden
                                                                        Robinson",Cayden Robinson,Chillicothe Paints,CHI,Cayden Robinson (CHI),Fr,RHP,16,No,4,0,0,0,2,0,8.33,3,0,0,3,8,8.64,0,0.00,0.72,0,0,0.111,0,1,0,0,0,3.24,3.24,7.11,,
31,"Carter
                                                                        White",Carter White,Chillicothe Paints,CHI,Carter White (CHI),Fr,LHP,16,No,3,1,2,0,0,0,7.00,5,3,2,7,9,11.57,0,2.57,1.71,0,0,0.200,1,0,0,1,0,6.43,9.00,8.02,,
13,"Colin
                                                                        Bryant",Colin Bryant,Chillicothe Paints,CHI,Colin Bryant (CHI),Sr,LHP,16,No,1,1,0,0,0,0,6.00,3,0,0,1,4,6.00,0,0.00,0.67,1,1,0.150,0,2,0,0,0,4.50,1.50,7.76,,
40,"Landen
                                                                        Vance",Landen Vance,Chillicothe Paints,CHI,Landen Vance (CHI),So,RHP,16,No,4,0,2,0,0,0,6.00,6,6,4,2,3,4.50,0,6.00,1.33,1,0,0.250,1,3,0,0,0,9.00,3.00,9.09,,
9,"Bryson
                                                                        Brown",Bryson Brown,Chillicothe Paints,CHI,Bryson Brown (CHI),So,RHP,16,No,3,0,0,0,0,0,5.33,8,8,8,6,1,1.69,0,13.50,2.63,5,0,0.364,2,0,0,0,0,13.51,10.13,10.59,,
52,"Luke
                                                                        Walter",Luke Walter,Chillicothe Paints,CHI,Luke Walter (CHI),So,,16,No,1,1,0,0,0,0,4.00,3,1,1,4,3,6.75,0,2.25,1.75,0,0,0.200,0,1,0,0,0,6.75,9.00,9.84,,
5,"Tyler
                                                                        Mendez",Tyler Mendez,Chillicothe Paints,CHI,Tyler Mendez (CHI),So,OF,16,No,2,0,0,0,0,0,3.33,2,5,5,5,4,10.80,1,13.50,2.10,0,0,0.182,0,2,0,0,0,5.41,13.51,15.40,,
11,"Joshua
                                                                        Rouw",Joshua Rouw,Chillicothe Paints,CHI,Joshua Rouw (CHI),So,RHP,16,No,3,0,0,1,0,0,3.33,6,8,8,5,2,5.40,1,21.60,3.30,1,0,0.375,0,2,0,0,0,16.22,13.51,16.60,,
32,"Braden
                                                                        Shepherd",Braden Shepherd,Chillicothe Paints,CHI,Braden Shepherd (CHI),So,RHP,16,No,4,0,0,0,0,0,3.33,6,7,6,5,1,2.70,0,16.20,3.30,3,0,0.375,0,3,1,0,0,16.22,13.51,14.20,,
23,"Noah
                                                                        Jordan",Noah Jordan,Chillicothe Paints,CHI,Noah Jordan (CHI),Redshirt Fr,RHP,16,No,3,1,0,2,0,0,3.00,9,14,7,4,2,6.00,0,21.00,4.33,1,0,0.450,3,2,0,1,0,27.00,12.00,12.26,,
49,"Matt
                                                                        Graeber",Matt Graeber,Chillicothe Paints,CHI,Matt Graeber (CHI),Jr,RHP,16,No,2,0,0,0,0,0,2.00,3,3,3,5,2,9.00,1,13.50,4.00,0,0,0.333,0,1,0,0,0,13.50,22.50,21.09,,
26,"Felix
                                                                        Polanco",Felix Polanco,Chillicothe Paints,CHI,Felix Polanco (CHI),Jr,IF,16,No,1,0,0,0,1,0,2.00,1,1,0,1,1,4.50,0,0.00,1.00,0,0,0.143,1,1,0,0,0,4.50,4.50,9.59,,
8,"Alex
                                                                        Bemis",Alex Bemis,Chillicothe Paints,CHI,Alex Bemis (CHI),Fr,IF,16,No,1,0,0,0,0,0,1.00,2,2,2,0,1,9.00,1,18.00,2.00,0,0,0.400,0,0,0,0,0,18.00,0.00,18.59,,
2,"Sam
                                                                        Lavin",Sam Lavin,Clinton LumberKings,CLN,Sam Lavin (CLN),Sr,RHP,15,No,5,0,1,1,3,0,8.33,8,2,0,5,16,17.28,0,0.00,1.56,1,0,0.250,1,0,0,0,0,8.64,5.40,5.55,,
6,"Sam
                                                                        George",Sam George,Clinton LumberKings,CLN,Sam George (CLN),Fr,LHP,15,No,3,3,1,0,0,0,13.67,17,6,4,5,18,11.85,0,2.63,1.61,3,0,0.298,0,2,0,0,0,11.19,3.29,6.50,,
7,"Hayden
                                                                        Vickroy",Hayden Vickroy,Clinton LumberKings,CLN,Hayden Vickroy (CLN),So,RHP,15,No,2,0,0,1,0,0,4.00,5,6,6,3,3,6.75,0,13.50,2.00,1,2,0.294,0,0,1,0,0,11.25,6.75,8.34,,
8,"Cade
                                                                        Turner",Cade Turner,Clinton LumberKings,CLN,Cade Turner (CLN),Jr,RHP,15,No,4,0,1,0,0,0,4.33,2,2,1,7,7,14.54,0,2.08,2.08,0,0,0.133,3,2,0,0,0,4.16,14.55,10.59,,
13,"Daniel
                                                                        Mosarah",Daniel Mosarah,Clinton LumberKings,CLN,Daniel Mosarah (CLN),Jr,RHP,15,No,3,0,1,0,0,0,5.00,6,4,3,1,5,9.00,0,5.40,1.40,0,1,0.273,1,1,0,0,0,10.80,1.80,6.79,,
16,"Drew
                                                                        Duckhorn",Drew Duckhorn,Clinton LumberKings,CLN,Drew Duckhorn (CLN),So,LHP,15,No,3,3,0,1,0,0,5.33,8,13,13,10,5,8.44,1,21.94,3.38,0,0,0.348,2,3,0,1,0,13.51,16.89,15.47,,
17,"Jack
                                                                        Turgasen",Jack Turgasen,Clinton LumberKings,CLN,Jack Turgasen (CLN),So,RHP,15,No,1,0,0,0,0,0,3.67,4,3,3,2,3,7.36,0,7.36,1.64,1,0,0.286,0,0,0,1,0,9.81,4.90,7.59,,
18,"Carson
                                                                        Knebel",Carson Knebel,Clinton LumberKings,CLN,Carson Knebel (CLN),So,RHP,15,No,2,0,0,0,0,0,1.00,0,0,0,5,2,18.00,0,0.00,5.00,0,0,0.000,0,1,0,0,0,0.00,45.00,21.59,,
19,"Brenden
                                                                        Martin",Brenden Martin,Clinton LumberKings,CLN,Brenden Martin (CLN),Fr,RHP,15,No,2,1,1,0,0,0,5.33,5,2,2,4,4,6.75,0,3.38,1.69,2,0,0.227,0,2,0,0,0,8.44,6.75,9.47,,
25,"Jai
                                                                        Jensen",Jai Jensen,Clinton LumberKings,CLN,Jai Jensen (CLN),So,RHP,15,No,3,0,0,0,0,0,4.33,3,4,4,8,6,12.46,1,8.31,2.54,1,0,0.188,1,0,0,0,0,6.24,16.63,13.37,,
26,"Garrett
                                                                        Siemsen",Garrett Siemsen,Clinton LumberKings,CLN,Garrett Siemsen (CLN),So,RHP,15,No,2,0,2,0,0,0,5.67,5,5,5,3,3,4.76,0,7.94,1.41,1,0,0.250,1,2,0,0,0,7.94,4.76,9.18,,
27,"Ian
                                                                        Dittmer",Ian Dittmer,Clinton LumberKings,CLN,Ian Dittmer (CLN),Fr,RHP,15,No,4,0,0,0,0,0,7.33,8,11,10,9,8,9.82,0,12.27,2.32,1,0,0.286,2,2,0,1,0,9.82,11.05,9.91,,
29,"Jake
                                                                        Weissenberger",Jake Weissenberger,Clinton LumberKings,CLN,Jake Weissenberger (CLN),Jr,RHP,15,No,4,0,0,1,0,0,8.67,12,7,7,2,6,6.23,0,7.27,1.62,1,1,0.300,0,0,0,0,0,12.46,2.08,6.90,,
31,"Jimmy
                                                                        Burke",Jimmy Burke,Clinton LumberKings,CLN,Jimmy Burke (CLN),Jr,RHP,15,No,3,3,2,0,0,0,14.00,6,1,1,2,16,10.29,0,0.64,0.57,2,0,0.130,0,0,0,0,1,3.86,1.29,5.74,,
35,"Jack
                                                                        Surdey",Jack Surdey,Clinton LumberKings,CLN,Jack Surdey (CLN),Fr,RHP,15,No,3,3,1,0,0,0,12.00,10,7,5,5,10,7.50,0,3.75,1.25,1,0,0.222,1,5,0,1,0,7.50,3.75,8.43,,
36,"Elijah
                                                                        Green",Elijah Green,Clinton LumberKings,CLN,Elijah Green (CLN),So,RHP,15,No,1,0,0,0,0,0,4.33,4,1,1,2,1,2.08,0,2.08,1.38,1,0,0.286,0,1,0,0,0,8.31,4.16,9.21,,
41,"Kieran
                                                                        Bailey",Kieran Bailey,Clinton LumberKings,CLN,Kieran Bailey (CLN),Jr,LHP,15,No,1,1,0,1,0,0,1.33,3,6,4,2,1,6.75,0,27.00,3.75,0,0,0.429,1,2,0,0,0,20.30,13.53,15.11,,
45,"Owen
                                                                        Coffman",Owen Coffman,Clinton LumberKings,CLN,Owen Coffman (CLN),Sr,RHP,15,No,1,1,0,0,0,0,4.00,1,1,1,3,6,13.50,0,2.25,1.00,0,0,0.083,0,0,0,0,0,2.25,6.75,6.84,,
50,"Ean
                                                                        DiPasquale",Ean DiPasquale,Clinton LumberKings,CLN,Ean DiPasquale (CLN),Fr,RHP,15,No,4,0,0,0,1,0,10.00,5,1,1,1,17,15.30,1,0.90,0.60,1,1,0.132,0,0,0,0,0,4.50,0.90,5.79,,
6,"Abe
                                                                        Chancellor",Abe Chancellor,Danville Dans,DAN,Abe Chancellor (DAN),Jr,LHP,15,Yes,3,3,3,0,0,0,16.00,11,3,2,6,25,14.06,1,1.13,1.06,0,1,0.196,1,2,0,1,0,6.19,3.38,6.78,,
20,"Meade
                                                                        Johnson",Meade Johnson,Danville Dans,DAN,Meade Johnson (DAN),Jr,RHP,15,No,3,3,0,0,0,0,14.67,9,3,3,8,21,12.89,1,1.84,1.16,1,0,0.257,0,2,0,0,0,5.52,4.91,7.66,,
10,"Griffin
                                                                        Graves",Griffin Graves,Danville Dans,DAN,Griffin Graves (DAN),Fr,LHP,15,No,4,2,2,1,0,0,14.00,11,8,7,12,24,15.43,0,4.50,1.64,0,1,0.275,2,3,0,0,0,7.07,7.71,7.38,,
34,"Gunnar
                                                                        Brown",Gunnar Brown,Danville Dans,DAN,Gunnar Brown (DAN),Jr,RHP,15,No,3,3,0,1,0,0,12.67,14,10,10,8,14,9.95,1,7.11,1.74,3,0,0.255,1,2,0,0,0,9.94,5.68,8.78,,
35,"Jacob
                                                                        Parks",Jacob Parks,Danville Dans,DAN,Jacob Parks (DAN),So,RHP,15,No,3,3,0,0,0,0,11.33,6,4,3,9,16,12.71,0,2.38,1.32,2,0,0.146,2,3,0,0,0,4.77,7.15,7.95,,
14,"Jud
                                                                        Files",Jud Files,Danville Dans,DAN,Jud Files (DAN),Fr,RHP,15,No,2,2,1,0,0,0,9.00,3,4,4,6,8,8.00,0,4.00,1.00,1,0,0.097,0,0,1,0,0,3.00,6.00,7.81,,
27,"Aidan
                                                                        Dorsch",Aidan Dorsch,Danville Dans,DAN,Aidan Dorsch (DAN),Fr,RHP,15,No,3,0,1,1,0,0,8.33,5,4,4,4,8,8.64,0,4.32,1.08,0,1,0.179,1,3,1,0,0,5.40,4.32,8.19,,
23,"Mason
                                                                        Robinson",Mason Robinson,Danville Dans,DAN,Mason Robinson (DAN),Fr,RHP,15,No,6,0,0,0,0,0,7.67,6,5,5,11,11,12.91,0,5.87,2.22,1,0,0.222,0,3,0,1,0,7.04,12.91,10.20,,
19,"Bryce
                                                                        Riggs",Bryce Riggs,Danville Dans,DAN,Bryce Riggs (DAN),Fr,RHP,15,No,5,0,0,0,1,0,7.33,5,2,1,1,13,15.95,0,1.23,0.82,1,0,0.263,0,0,0,0,0,6.14,1.23,4.45,,
33,"Brendan
                                                                        Clarke",Brendan Clarke,Danville Dans,DAN,Brendan Clarke (DAN),Jr,RHP,15,No,3,0,1,0,1,0,6.67,6,4,4,2,6,8.10,1,5.40,1.20,2,1,0.231,0,0,1,0,0,8.10,2.70,8.64,,
36,"Will
                                                                        Melby, Jr.","Will Melby, Jr.",Danville Dans,DAN,"Will Melby, Jr. (DAN)",Jr,RHP,15,No,5,0,0,2,0,0,6.67,10,10,7,7,5,6.75,1,9.45,2.55,2,0,0.345,3,3,0,0,1,13.49,9.45,12.54,,
24,"Jack
                                                                        Armstrong",Jack Armstrong,Danville Dans,DAN,Jack Armstrong (DAN),Jr,RHP,15,No,4,0,0,0,0,0,5.33,8,5,5,4,7,11.81,0,8.44,2.25,2,0,0.320,1,0,1,0,0,13.51,6.75,7.22,,
32,"Jake
                                                                        Murphy",Jake Murphy,Danville Dans,DAN,Jake Murphy (DAN),Fr,LHP,15,No,4,0,1,0,0,0,4.00,2,6,6,10,4,9.00,0,13.50,3.00,0,0,0.167,0,1,0,0,0,4.50,22.50,13.84,,
22,"Stryder
                                                                        Salas",Stryder Salas,Danville Dans,DAN,Stryder Salas (DAN),So,RHP,15,No,2,0,0,1,0,0,3.00,2,5,4,4,3,9.00,0,12.00,2.00,0,0,0.182,2,1,0,0,0,6.00,12.00,10.59,,
28,"Jacob
                                                                        Havern",Jacob Havern,Danville Dans,DAN,Jacob Havern (DAN),So,RHP,15,No,1,0,0,0,0,0,2.00,1,1,1,2,5,22.50,0,4.50,1.50,0,0,0.143,1,0,0,0,0,4.50,9.00,5.59,,
30,"Austin
                                                                        Morris",Austin Morris,Danville Dans,DAN,Austin Morris (DAN),Fr,RHP,15,No,1,0,0,1,0,0,2.00,1,3,2,2,4,18.00,0,9.00,1.50,0,1,0.125,1,1,0,0,0,4.50,9.00,8.09,,
9,"Mick
                                                                        Uebelhor",Mick Uebelhor,Dubois County Bombers,DUB,Mick Uebelhor (DUB),Fr,RHP,17,Yes,5,3,1,0,0,0,18.33,13,8,7,6,14,6.87,0,3.44,1.04,3,0,0.197,5,4,0,0,0,6.38,2.95,7.70,,
22,"Max
                                                                        Tripure",Max Tripure,Dubois County Bombers,DUB,Max Tripure (DUB),So,RHP,17,No,4,3,2,0,1,0,16.67,15,6,5,8,11,5.94,0,2.70,1.38,4,0,0.242,0,4,0,0,0,8.10,4.32,8.43,,
4,"Cole
                                                                        Lambird",Cole Lambird,Dubois County Bombers,DUB,Cole Lambird (DUB),Jr,LHP,17,No,3,3,0,2,0,0,16.00,15,8,6,1,9,5.06,0,3.38,1.00,3,0,0.231,0,1,0,0,0,8.44,0.56,6.84,,
37,"Jacob
                                                                        Culp",Jacob Culp,Dubois County Bombers,DUB,Jacob Culp (DUB),Fr,RHP,17,No,3,3,0,0,0,0,14.33,13,7,5,7,12,7.53,1,3.14,1.40,1,0,0.232,2,3,0,0,0,8.16,4.40,8.92,,
32,"Jack
                                                                        Harris",Jack Harris,Dubois County Bombers,DUB,Jack Harris (DUB),Fr,RHP,17,No,5,0,0,0,0,0,10.67,8,6,4,7,11,9.28,0,3.38,1.41,0,0,0.211,1,2,1,2,0,6.75,5.90,8.06,,
43,"Nathan
                                                                        Frady",Nathan Frady,Dubois County Bombers,DUB,Nathan Frady (DUB),Fr,RHP,17,No,6,0,1,1,0,0,10.33,10,10,8,6,10,8.71,0,6.97,1.55,3,0,0.244,4,2,0,1,0,8.71,5.23,7.98,,
13,"Hunter
                                                                        Niksch",Hunter Niksch,Dubois County Bombers,DUB,Hunter Niksch (DUB),So,RHP,17,No,3,2,0,2,0,0,10.33,11,7,2,2,4,3.48,0,1.74,1.26,1,0,0.250,1,2,0,0,0,9.58,1.74,7.98,,
12,"Jake
                                                                        Stuteville",Jake Stuteville,Dubois County Bombers,DUB,Jake Stuteville (DUB),Jr,RHP,17,No,5,0,1,0,1,0,10.33,5,3,2,3,6,5.23,0,1.74,0.77,2,0,0.139,0,2,0,0,0,4.36,2.61,7.88,,
14,"Jack
                                                                        Taczy",Jack Taczy,Dubois County Bombers,DUB,Jack Taczy (DUB),So,LHP,17,No,5,1,1,1,0,0,9.33,6,4,2,5,11,10.61,0,1.93,1.18,1,0,0.182,2,0,0,1,0,5.79,4.82,6.84,,
24,"Chase
                                                                        Carver",Chase Carver,Dubois County Bombers,DUB,Chase Carver (DUB),Fr,RHP,17,No,3,1,0,1,0,0,7.67,10,10,10,6,7,8.22,0,11.74,2.09,2,0,0.303,5,0,0,0,0,11.73,7.04,8.11,,
36,"Hudson
                                                                        Cornett",Hudson Cornett,Dubois County Bombers,DUB,Hudson Cornett (DUB),Jr,RHP,17,No,4,1,0,1,0,0,6.67,13,12,7,3,8,10.80,0,9.45,2.40,0,0,0.406,2,1,0,1,0,17.54,4.05,6.99,,
18,"Justin
                                                                        Trucks",Justin Trucks,Dubois County Bombers,DUB,Justin Trucks (DUB),Fr,RHP,17,No,4,0,0,1,0,0,5.33,9,8,7,5,6,10.13,0,11.81,2.63,1,1,0.360,0,0,0,0,0,15.20,8.44,8.16,,
35,"Bobby
                                                                        Fowler",Bobby Fowler,Dubois County Bombers,DUB,Bobby Fowler (DUB),Sr,RHP,17,No,3,0,0,0,0,0,4.00,3,5,3,4,0,0.00,0,6.75,1.75,0,1,0.250,1,3,0,1,0,6.75,9.00,12.84,,
30,"Justin
                                                                        Spencer",Justin Spencer,Dubois County Bombers,DUB,Justin Spencer (DUB),Fr,RHP,17,No,3,0,0,0,0,0,4.00,7,4,2,0,4,9.00,0,4.50,1.75,1,0,0.389,0,1,0,1,0,15.75,0.00,6.34,,
40,"Tavien
                                                                        Tigg",Tavien Tigg,Dubois County Bombers,DUB,Tavien Tigg (DUB),Jr,LHP,17,No,4,0,0,2,1,0,3.67,3,5,3,8,2,4.91,0,7.36,3.00,2,0,0.188,0,0,0,0,0,7.36,19.62,13.04,,
29,"Cayman
                                                                        Huntsman",Cayman Huntsman,Dubois County Bombers,DUB,Cayman Huntsman (DUB),Fr,RHP,17,No,3,1,0,0,0,0,3.33,7,6,6,7,3,8.10,0,16.20,4.20,1,0,0.438,0,1,0,0,0,18.92,18.92,13.00,,
3,"Cade
                                                                        Moore",Cade Moore,Dubois County Bombers,DUB,Cade Moore (DUB),So,IF,17,No,1,0,0,0,0,0,1.33,0,0,0,0,0,0.00,0,0.00,0.00,0,0,0.000,0,0,0,0,0,0.00,0.00,7.59,,
31,"Trey
                                                                        Harney",Trey Harney,Dubois County Bombers,DUB,Trey Harney (DUB),Fr,RHP,17,No,2,0,0,1,0,0,1.00,2,6,5,4,1,9.00,0,45.00,6.00,0,0,0.333,4,0,0,0,0,18.00,36.00,17.59,,
22,"Zane
                                                                        Brown",Zane Brown,Full Count Rhythm,FCR,Zane Brown (FCR),Fr,RHP,17,No,3,3,1,2,0,1,16.00,10,4,3,4,25,14.06,1,1.69,0.88,3,0,0.167,1,1,0,0,0,5.63,2.25,6.22,,
39,"Nick
                                                                        Judd",Nick Judd,Full Count Rhythm,FCR,Nick Judd (FCR),So,RHP,17,No,3,3,0,1,0,0,14.00,11,8,4,3,15,9.64,0,2.57,1.00,1,0,0.208,0,1,0,0,1,7.07,1.93,6.31,,
42,"Sam
                                                                        Matherly",Sam Matherly,Full Count Rhythm,FCR,Sam Matherly (FCR),Fr,RHP,17,No,3,2,1,0,0,0,13.00,15,12,10,5,6,4.15,0,6.92,1.54,0,0,0.294,3,2,0,1,0,10.38,3.46,8.28,,
24,"Colton
                                                                        Regen",Colton Regen,Full Count Rhythm,FCR,Colton Regen (FCR),Jr,RHP,17,No,3,3,0,1,0,0,10.67,5,7,4,10,17,14.34,0,3.38,1.41,3,0,0.143,4,2,0,0,0,4.22,8.43,7.78,,
31,"Arren
                                                                        Hash",Arren Hash,Full Count Rhythm,FCR,Arren Hash (FCR),Jr,RHP,17,No,4,0,0,1,0,0,10.33,16,16,8,6,12,10.45,2,6.97,2.13,2,1,0.327,2,2,0,2,0,13.94,5.23,10.11,,
2,"Chet
                                                                        Lax",Chet Lax,Full Count Rhythm,FCR,Chet Lax (FCR),Fr,LHP,17,No,2,2,1,0,0,0,10.00,8,2,2,2,8,7.20,0,1.80,1.00,2,0,0.205,2,0,0,0,0,7.20,1.80,6.59,,
8,"Andrew
                                                                        Perry",Andrew Perry,Full Count Rhythm,FCR,Andrew Perry (FCR),Fr,LHP,17,No,5,0,1,0,0,0,7.67,6,5,5,5,10,11.74,0,5.87,1.43,2,0,0.207,3,1,0,0,0,7.04,5.87,7.33,,
7,"Carson
                                                                        Howard",Carson Howard,Full Count Rhythm,FCR,Carson Howard (FCR),Jr,RHP,17,No,3,2,0,1,0,0,7.00,8,9,9,5,8,10.29,0,11.57,1.86,1,0,0.308,1,1,0,1,1,10.29,6.43,7.88,,
30,"Raleigh
                                                                        Claunch",Raleigh Claunch,Full Count Rhythm,FCR,Raleigh Claunch (FCR),So,RHP,17,No,4,0,0,0,0,0,6.67,7,3,3,6,8,10.80,0,4.05,1.95,2,0,0.292,0,3,0,0,1,9.45,8.10,9.24,,
18,"Ryan
                                                                        Sweeney",Ryan Sweeney,Full Count Rhythm,FCR,Ryan Sweeney (FCR),Fr,RHP,17,No,5,0,0,0,0,0,6.67,2,4,2,9,12,16.20,0,2.70,1.65,1,0,0.105,1,2,0,0,1,2.70,12.14,8.94,,
29,"James
                                                                        Fordham",James Fordham,Full Count Rhythm,FCR,James Fordham (FCR),Fr,RHP,17,No,4,1,1,0,0,0,6.00,5,4,4,6,13,19.50,0,6.00,1.83,0,0,0.208,3,0,2,0,0,7.50,9.00,6.26,,
13,"Jackson
                                                                        Marbet",Jackson Marbet,Full Count Rhythm,FCR,Jackson Marbet (FCR),So,RHP,17,No,3,0,1,1,0,0,6.00,7,9,6,4,7,10.50,3,9.00,1.83,0,0,0.280,0,1,0,1,0,10.50,6.00,14.26,,
23,"Jacob
                                                                        Newman",Jacob Newman,Full Count Rhythm,FCR,Jacob Newman (FCR),Jr,RHP,17,No,3,1,0,3,0,0,6.00,8,13,12,5,7,10.50,0,18.00,2.17,1,0,0.308,2,5,0,0,0,12.00,7.50,10.26,,
41,"JD
                                                                        Price",JD Price,Full Count Rhythm,FCR,JD Price (FCR),Jr,RHP,17,No,5,0,0,0,0,0,6.00,14,15,12,7,8,12.00,2,18.00,3.50,0,0,0.424,2,2,0,0,0,21.00,10.50,13.76,,
17,"Nathaniel
                                                                        Pulliam",Nathaniel Pulliam,Full Count Rhythm,FCR,Nathaniel Pulliam (FCR),Fr,RHP,17,No,4,0,0,0,0,0,5.33,6,5,5,5,5,8.44,1,8.44,2.06,0,1,0.286,4,1,0,0,1,10.13,8.44,11.53,,
45,"Noah
                                                                        Berry",Noah Berry,Full Count Rhythm,FCR,Noah Berry (FCR),Fr,RHP,17,No,3,0,0,1,1,0,4.33,7,4,4,4,4,8.31,0,8.31,2.54,2,0,0.368,1,1,0,0,0,14.55,8.31,9.21,,
19,"Trey
                                                                        Sanders",Trey Sanders,Full Count Rhythm,FCR,Trey Sanders (FCR),So,RHP,17,No,2,0,0,0,0,0,4.00,3,1,1,2,2,4.50,0,2.25,1.25,1,0,0.214,1,0,0,0,0,6.75,4.50,8.09,,
16,"Mason
                                                                        Davis",Mason Davis,Full Count Rhythm,FCR,Mason Davis (FCR),Fr,RHP,17,No,3,0,0,0,0,0,2.33,1,3,0,3,4,15.43,0,0.00,1.71,0,0,0.000,1,1,0,0,0,3.86,11.59,9.31,,
36,"Caleb
                                                                        Guisewite",Caleb Guisewite,Full Count Rhythm,FCR,Caleb Guisewite (FCR),Jr,RHP,17,No,2,0,0,0,0,0,2.00,2,2,2,1,4,18.00,0,9.00,1.50,0,0,0.250,1,1,0,0,0,9.00,4.50,6.59,,
38,"Gage
                                                                        Vota",Gage Vota,Full Count Rhythm,FCR,Gage Vota (FCR),Fr,RHP,17,No,1,0,0,0,0,0,2.00,0,2,2,5,1,4.50,0,9.00,2.50,0,0,0.000,0,0,0,1,0,0.00,22.50,14.09,,
43,"Will
                                                                        Dugan",Will Dugan,Full Count Rhythm,FCR,Will Dugan (FCR),Fr,RHP,17,No,2,0,0,0,0,0,1.00,0,1,1,6,0,0.00,0,9.00,6.00,0,0,0.000,1,0,0,0,0,0.00,54.00,25.59,,
4,"David
                                                                        Andolina",David Andolina,Illinois Valley Pistol Shrimp,IVY,David Andolina (IVY),So,RHP,17,No,4,2,0,0,1,0,11.67,10,8,7,9,23,17.74,0,5.40,1.63,3,0,0.233,1,4,0,2,0,7.71,6.94,6.99,,
8,"Daniel
                                                                        Strohm",Daniel Strohm,Illinois Valley Pistol Shrimp,IVY,Daniel Strohm (IVY),Fr,LHP,17,No,3,0,0,0,0,0,4.00,5,5,5,6,2,4.50,0,11.25,2.75,0,0,0.313,0,0,0,1,0,11.25,13.50,11.09,,
10,"Anthony
                                                                        Solis",Anthony Solis,Illinois Valley Pistol Shrimp,IVY,Anthony Solis (IVY),Fr,RHP,17,No,4,1,2,1,0,0,11.00,9,6,3,5,12,9.82,1,2.45,1.27,2,0,0.225,2,1,2,0,0,7.36,4.09,8.23,,
11,"Joseph
                                                                        Martin",Joseph Martin,Illinois Valley Pistol Shrimp,IVY,Joseph Martin (IVY),Fr,RHP,17,No,4,4,0,0,0,0,15.00,8,5,5,10,17,10.20,1,3.00,1.20,1,0,0.154,0,3,0,0,0,4.80,6.00,8.79,,
14,"Jeffrey
                                                                        Behrends",Jeffrey Behrends,Illinois Valley Pistol Shrimp,IVY,Jeffrey Behrends (IVY),Jr,LHP,17,No,3,0,0,0,0,0,5.67,3,5,4,5,6,9.53,0,6.35,1.41,0,0,0.150,0,2,0,0,0,4.76,7.94,9.18,,
16,"Grant
                                                                        Holderfield",Grant Holderfield,Illinois Valley Pistol Shrimp,IVY,Grant Holderfield (IVY),So,LHP,17,Yes,4,3,3,1,0,0,23.00,17,8,5,4,24,9.39,2,1.96,0.91,3,2,0.200,0,2,0,0,0,6.65,1.57,7.42,,
17,"Kolton
                                                                        Floor",Kolton Floor,Illinois Valley Pistol Shrimp,IVY,Kolton Floor (IVY),Fr,RHP,17,No,2,0,0,0,0,0,2.00,5,4,4,3,1,4.50,0,18.00,4.00,0,0,0.500,3,2,0,1,0,22.50,13.50,14.09,,
20,"Johnny
                                                                        Riva",Johnny Riva,Illinois Valley Pistol Shrimp,IVY,Johnny Riva (IVY),So,LHP,17,No,2,0,0,2,0,0,1.00,2,9,9,8,1,9.00,0,81.00,10.00,1,0,0.667,2,2,0,1,0,18.00,72.00,35.59,,
22,"Jared
                                                                        Herzog",Jared Herzog,Illinois Valley Pistol Shrimp,IVY,Jared Herzog (IVY),Sr,LHP,17,No,4,2,1,0,0,0,7.00,2,1,1,3,13,16.71,1,1.29,0.71,0,0,0.095,0,0,0,0,1,2.57,3.86,7.02,,
23,"Taylor
                                                                        Waldron",Taylor Waldron,Illinois Valley Pistol Shrimp,IVY,Taylor Waldron (IVY),Fr,RHP,17,No,3,1,0,0,0,0,11.33,7,2,0,0,16,12.71,0,0.00,0.62,0,2,0.212,0,0,0,0,0,5.56,0.00,4.77,,
24,"Payton
                                                                        Knoll",Payton Knoll,Illinois Valley Pistol Shrimp,IVY,Payton Knoll (IVY),Fr,LHP,17,No,2,0,0,0,0,0,2.67,3,7,7,4,5,16.88,0,23.63,2.63,2,1,0.300,3,4,0,0,0,10.11,13.48,12.84,,
26,"Henry
                                                                        Rouch",Henry Rouch,Illinois Valley Pistol Shrimp,IVY,Henry Rouch (IVY),Fr,RHP,17,No,3,2,0,1,0,0,5.67,5,5,5,7,2,3.18,0,7.94,2.12,0,0,0.294,2,4,0,1,0,7.94,11.11,12.71,,
28,"Finn
                                                                        O'Meara",Finn O'Meara,Illinois Valley Pistol Shrimp,IVY,Finn O'Meara (IVY),Fr,RHP,17,No,3,0,0,0,0,0,2.67,6,9,6,3,4,13.50,0,20.25,3.38,0,0,0.429,0,1,0,0,1,20.22,10.11,9.09,,
30,"Kyle
                                                                        Rossy",Kyle Rossy,Illinois Valley Pistol Shrimp,IVY,Kyle Rossy (IVY),Fr,RHP,17,No,3,1,0,0,0,0,4.00,3,6,5,9,4,9.00,0,11.25,3.00,0,0,0.188,2,4,0,1,0,6.75,20.25,15.34,,
40,"Kyler
                                                                        Miritello",Kyler Miritello,Illinois Valley Pistol Shrimp,IVY,Kyler Miritello (IVY),Fr,RHP,17,No,3,1,0,0,0,0,3.33,0,5,4,6,4,10.80,0,10.80,1.80,0,0,0.000,0,0,0,0,0,0.00,16.22,10.60,,
45,"Joe
                                                                        Richardson",Joe Richardson,Illinois Valley Pistol Shrimp,IVY,Joe Richardson (IVY),Fr,LHP,17,No,3,0,1,0,0,0,6.00,7,1,1,1,5,7.50,0,1.50,1.33,1,0,0.292,0,1,0,0,0,10.50,1.50,6.93,,
56,"Josh
                                                                        Katz",Josh Katz,Illinois Valley Pistol Shrimp,IVY,Josh Katz (IVY),Fr,RHP,17,No,1,0,0,0,0,0,1.00,0,0,0,1,3,27.00,0,0.00,1.00,0,0,0.000,0,0,0,0,0,0.00,9.00,4.59,,
66,"Tate
                                                                        Foxson",Tate Foxson,Illinois Valley Pistol Shrimp,IVY,Tate Foxson (IVY),Fr,RHP,17,No,2,0,1,0,0,0,5.00,4,4,4,3,6,10.80,1,7.20,1.40,0,0,0.222,1,0,0,0,0,7.20,5.40,9.59,,
70,"Daniel
                                                                        Castro",Daniel Castro,Illinois Valley Pistol Shrimp,IVY,Daniel Castro (IVY),Jr,RHP,17,No,2,0,0,0,0,0,5.00,8,3,3,2,6,10.80,0,5.40,2.00,0,0,0.381,0,0,0,1,0,14.40,3.60,6.39,,
71,"Andrew
                                                                        Ressler",Andrew Ressler,Illinois Valley Pistol Shrimp,IVY,Andrew Ressler (IVY),Fr,RHP,17,No,3,0,2,1,0,0,8.67,9,6,3,3,7,7.27,1,3.12,1.38,1,0,0.265,2,0,0,0,1,9.34,3.11,8.52,,
72,"Evan
                                                                        Clark",Evan Clark,Illinois Valley Pistol Shrimp,IVY,Evan Clark (IVY),Jr,LHP,17,No,1,0,0,0,0,0,1.00,0,0,0,0,2,18.00,0,0.00,0.00,0,0,0.000,0,0,0,0,0,0.00,0.00,3.59,,
99,"Jackson
                                                                        Peeler",Jackson Peeler,Illinois Valley Pistol Shrimp,IVY,Jackson Peeler (IVY),Fr,RHP,17,No,3,0,1,0,1,0,5.67,1,2,0,3,11,17.47,0,0.00,0.71,0,0,0.053,1,0,0,0,0,1.59,4.76,5.30,,
1,"Merik
                                                                        Carter",Merik Carter,Jackson Rockabillys,JAX,Merik Carter (JAX),So,IF,17,No,1,0,0,0,0,0,1.00,1,0,0,0,1,9.00,0,0.00,1.00,1,0,0.250,0,0,0,0,0,9.00,0.00,5.59,,
2,"Taylor
                                                                        Vinson",Taylor Vinson,Jackson Rockabillys,JAX,Taylor Vinson (JAX),Fr,RHP,17,No,4,0,1,0,0,0,5.67,12,9,9,7,9,14.29,3,14.29,3.35,3,1,0.429,3,2,0,0,0,19.05,11.11,16.06,,
5,"Walker
                                                                        Williams",Walker Williams,Jackson Rockabillys,JAX,Walker Williams (JAX),Jr,LHP,17,No,4,0,0,0,0,0,8.00,6,2,2,7,9,10.13,0,2.25,1.63,1,0,0.207,2,0,0,0,0,6.75,7.88,7.97,,
8,"Matt
                                                                        Maloney",Matt Maloney,Jackson Rockabillys,JAX,Matt Maloney (JAX),Jr,RHP,17,No,3,3,1,1,0,0,11.67,14,10,9,12,10,7.71,0,6.94,2.23,3,0,0.311,5,3,0,0,0,10.80,9.25,9.73,,
9,"Ethan
                                                                        Orwig",Ethan Orwig,Jackson Rockabillys,JAX,Ethan Orwig (JAX),Jr,RHP,17,No,4,0,2,0,0,0,5.33,2,0,0,4,14,23.63,0,0.00,1.13,1,0,0.111,0,0,0,0,0,3.38,6.75,4.59,,
12,"Nathaniel
                                                                        Helton",Nathaniel Helton,Jackson Rockabillys,JAX,Nathaniel Helton (JAX),So,RHP,17,No,6,0,0,0,0,0,8.00,6,6,5,5,12,13.50,2,5.63,1.38,1,0,0.194,0,2,0,0,0,6.75,5.63,10.47,,
13,"Coby
                                                                        Rogers",Coby Rogers,Jackson Rockabillys,JAX,Coby Rogers (JAX),Jr,RHP,17,No,3,3,0,1,0,0,14.00,13,13,11,11,14,9.00,2,7.07,1.71,2,0,0.255,2,4,1,1,1,8.36,7.07,10.66,,
14,"Jett
                                                                        Sutton",Jett Sutton,Jackson Rockabillys,JAX,Jett Sutton (JAX),Fr,RHP,17,No,2,2,0,0,0,0,8.00,5,2,2,7,7,7.88,0,2.25,1.50,1,0,0.172,1,1,0,0,0,5.63,7.88,8.84,,
15,"Matthew
                                                                        Riley",Matthew Riley,Jackson Rockabillys,JAX,Matthew Riley (JAX),Jr,LHP,17,Yes,3,3,1,0,0,0,17.33,12,9,8,8,12,6.23,0,4.15,1.15,2,1,0.190,1,3,0,0,1,6.23,4.15,8.11,,
18,"Kamden
                                                                        Croghan",Kamden Croghan,Jackson Rockabillys,JAX,Kamden Croghan (JAX),FR,,17,No,7,0,0,1,0,0,11.00,14,13,13,7,10,8.18,0,10.64,1.91,5,1,0.304,2,2,0,1,0,11.45,5.73,8.23,,
21,"Peyton
                                                                        Ring",Peyton Ring,Jackson Rockabillys,JAX,Peyton Ring (JAX),So,LHP,17,No,5,0,0,0,0,0,6.00,4,12,12,13,8,12.00,0,18.00,2.83,0,0,0.190,3,6,0,0,0,6.00,19.50,14.43,,
22,"Jaxson
                                                                        Lucas",Jaxson Lucas,Jackson Rockabillys,JAX,Jaxson Lucas (JAX),Sr,RHP,17,No,7,0,0,0,6,0,8.00,3,1,1,2,10,11.25,0,1.13,0.63,0,0,0.111,0,1,0,0,0,3.38,2.25,6.22,,
23,"Cole
                                                                        Evans",Cole Evans,Jackson Rockabillys,JAX,Cole Evans (JAX),Fr,RHP,17,No,3,3,0,1,0,0,9.33,17,24,20,14,10,9.64,0,19.29,3.32,5,0,0.386,3,5,0,1,0,16.40,13.50,11.56,,
24,"Trent
                                                                        Lawrence",Trent Lawrence,Jackson Rockabillys,JAX,Trent Lawrence (JAX),So,IF,17,No,1,0,0,0,0,0,0.33,1,0,0,2,1,27.00,0,0.00,9.00,0,0,0.500,0,0,0,0,0,27.27,54.55,19.71,,
25,"Trey
                                                                        Watson",Trey Watson,Jackson Rockabillys,JAX,Trey Watson (JAX),Jr,RHP,17,Yes,3,3,2,1,0,0,17.67,13,6,5,5,15,7.64,1,2.55,1.02,2,1,0.188,1,0,0,0,0,6.62,2.55,7.48,,
29,"Quincy
                                                                        Thornton",Quincy Thornton,Jackson Rockabillys,JAX,Quincy Thornton (JAX),So,RHP,17,No,2,0,1,0,0,0,5.00,1,1,1,3,6,10.80,0,1.80,0.80,0,0,0.063,2,1,0,0,0,1.80,5.40,7.59,,
36,"Stan
                                                                        King",Stan King,Jackson Rockabillys,JAX,Stan King (JAX),Jr,IF,17,No,2,0,0,0,0,0,1.33,1,1,0,2,1,6.75,0,0.00,2.25,1,0,0.167,1,0,0,0,0,6.77,13.53,10.60,,
40,"Patrick
                                                                        Green",Patrick Green,Jackson Rockabillys,JAX,Patrick Green (JAX),Jr,LHP,17,No,2,0,2,0,0,0,4.00,2,1,1,2,3,6.75,0,2.25,1.00,1,0,0.167,0,1,0,0,0,4.50,4.50,8.34,,
91,"Story
                                                                        Kimura",Story Kimura,Jackson Rockabillys,JAX,Story Kimura (JAX),Sr,,17,No,5,0,1,1,0,0,4.00,3,4,3,6,4,9.00,0,6.75,2.25,0,1,0.214,3,2,0,0,0,6.75,13.50,11.59,,
36,"Graeme
                                                                        Rios",Graeme Rios,Johnstown Mill Rats,JNT,Graeme Rios (JNT),So,RHP,18,No,3,3,1,2,0,0,15.67,21,8,8,5,6,3.45,0,4.60,1.66,2,0,0.350,2,4,0,1,1,12.06,2.87,8.55,,
25,"Zach
                                                                        Sharshel",Zach Sharshel,Johnstown Mill Rats,JNT,Zach Sharshel (JNT),Fr,RHP,18,No,3,3,1,1,0,0,14.00,7,7,7,4,20,12.86,0,4.50,0.79,2,2,0.140,2,3,0,0,0,4.50,2.57,6.24,,
20,"George
                                                                        Henkel",George Henkel,Johnstown Mill Rats,JNT,George Henkel (JNT),So,RHP,18,No,3,2,1,0,0,0,12.00,5,4,3,5,13,9.75,0,2.25,0.83,0,0,0.116,3,6,0,0,0,3.75,3.75,8.18,,
24,"Will
                                                                        Juday",Will Juday,Johnstown Mill Rats,JNT,Will Juday (JNT),Fr,RHP,18,No,5,0,0,0,0,0,11.33,7,2,1,3,15,11.91,0,0.79,0.88,2,0,0.167,2,2,0,0,0,5.56,2.38,6.27,,
12,"Matthew
                                                                        Benton",Matthew Benton,Johnstown Mill Rats,JNT,Matthew Benton (JNT),Jr,RHP,18,No,5,0,1,0,0,0,9.33,11,5,5,4,5,4.82,0,4.82,1.61,3,1,0.297,2,2,0,1,0,10.61,3.86,8.45,,
40,"Nathan
                                                                        Vidmar",Nathan Vidmar,Johnstown Mill Rats,JNT,Nathan Vidmar (JNT),So,RHP,18,No,3,2,0,2,0,0,8.67,12,9,8,5,2,2.08,0,8.31,1.96,2,0,0.324,3,1,0,0,0,12.46,5.19,9.21,,
16,"Liam
                                                                        Royster",Liam Royster,Johnstown Mill Rats,JNT,Liam Royster (JNT),So,RHP,18,No,5,0,2,0,0,0,8.33,6,5,2,6,6,6.48,0,2.16,1.44,1,0,0.194,0,3,0,0,0,6.48,6.48,9.39,,
32,"Conor
                                                                        Thiele",Conor Thiele,Johnstown Mill Rats,JNT,Conor Thiele (JNT),Jr,RHP,18,No,5,0,1,0,0,0,8.00,11,7,6,4,6,6.75,0,6.75,1.88,2,0,0.344,1,3,2,1,0,12.38,4.50,8.72,,
29,"Ian
                                                                        Korn",Ian Korn,Johnstown Mill Rats,JNT,Ian Korn (JNT),So,RHP,18,No,2,2,0,1,0,0,6.67,6,3,3,2,14,18.90,1,4.05,1.20,0,0,0.240,2,0,0,0,0,8.10,2.70,6.24,,
27,"Mac
                                                                        Yarbrough",Mac Yarbrough,Johnstown Mill Rats,JNT,Mac Yarbrough (JNT),So,LHP,18,No,5,0,1,0,2,0,6.67,2,3,1,8,12,16.20,0,1.35,1.50,1,1,0.095,3,0,0,0,1,2.70,10.79,7.59,,
1,"Tyler
                                                                        Elliott",Tyler Elliott,Johnstown Mill Rats,JNT,Tyler Elliott (JNT),Fr,RHP,18,No,5,1,1,1,1,0,6.33,8,7,5,3,6,8.53,0,7.11,1.74,3,0,0.308,0,2,0,0,0,11.37,4.27,8.07,,
11,"Seth
                                                                        Stover",Seth Stover,Johnstown Mill Rats,JNT,Seth Stover (JNT),Fr,RHP,18,No,4,0,0,0,0,0,6.33,4,3,3,6,3,4.26,0,4.26,1.58,0,0,0.200,0,0,0,1,0,5.69,8.53,9.49,,
30,"Willam
                                                                        Oczkowski",Willam Oczkowski,Johnstown Mill Rats,JNT,Willam Oczkowski (JNT),So,RHP,18,No,4,0,0,0,1,0,6.00,6,1,1,3,4,6.00,0,1.50,1.50,2,0,0.250,0,1,0,0,0,9.00,4.50,8.26,,
22,"Scott
                                                                        Templeton",Scott Templeton,Johnstown Mill Rats,JNT,Scott Templeton (JNT),Jr,LHP,18,No,2,1,0,0,0,0,5.00,3,1,1,0,4,7.20,0,1.80,0.60,0,0,0.176,0,2,0,0,1,5.40,0.00,7.19,,
37,"Brock
                                                                        Depute",Brock Depute,Johnstown Mill Rats,JNT,Brock Depute (JNT),Jr,RHP,18,No,4,0,0,0,0,0,4.00,1,0,0,4,3,6.75,0,0.00,1.25,1,0,0.091,1,2,0,0,1,2.25,9.00,10.59,,
3,"Elijah
                                                                        Wiles",Elijah Wiles,Johnstown Mill Rats,JNT,Elijah Wiles (JNT),Jr,RHP,18,No,2,2,0,1,0,0,3.33,9,7,7,5,0,0.00,0,18.90,4.20,2,0,0.563,1,1,0,0,0,24.32,13.51,13.00,,
31,"Zach
                                                                        Dellerman",Zach Dellerman,Johnstown Mill Rats,JNT,Zach Dellerman (JNT),So,RHP,18,No,3,0,0,0,0,0,3.00,5,10,9,5,0,0.00,0,27.00,3.33,3,0,0.417,1,2,0,0,0,15.00,15.00,14.59,,
8,"Jack
                                                                        Newman",Jack Newman,Johnstown Mill Rats,JNT,Jack Newman (JNT),Fr,IF,18,No,2,0,0,0,0,0,3.00,3,6,4,4,3,9.00,0,12.00,2.33,2,0,0.273,3,2,0,0,0,9.00,12.00,11.59,,
23,"Owen
                                                                        Wilfong",Owen Wilfong,Johnstown Mill Rats,JNT,Owen Wilfong (JNT),So,RHP,18,No,4,1,0,1,0,0,3.00,5,10,9,7,4,12.00,0,27.00,4.00,0,0,0.385,1,2,0,1,0,15.00,21.00,13.93,,
35,"Charlie
                                                                        Sindahl",Charlie Sindahl,Johnstown Mill Rats,JNT,Charlie Sindahl (JNT),Fr,RHP,18,No,3,0,0,0,0,0,2.67,3,4,4,8,1,3.38,0,13.50,4.13,0,0,0.300,0,0,0,0,0,10.11,26.97,15.83,,
14,"Giancarlo
                                                                        Lamberti",Giancarlo Lamberti,Johnstown Mill Rats,JNT,Giancarlo Lamberti (JNT),Fr,RHP,18,No,2,0,0,0,0,0,1.00,1,3,3,6,1,9.00,0,27.00,7.00,1,0,0.250,3,1,1,0,0,9.00,54.00,26.59,,
41,"Spencer
                                                                        Maley",Spencer Maley,Johnstown Mill Rats,JNT,Spencer Maley (JNT),Sr,LHP,18,No,1,0,0,0,0,0,1.00,1,0,0,0,0,0.00,0,0.00,1.00,0,0,0.250,0,0,0,0,0,9.00,0.00,7.59,,
98,"Jonah
                                                                        Richardson",Jonah Richardson,Johnstown Mill Rats,JNT,Jonah Richardson (JNT),Fr,RHP,18,No,1,0,0,0,0,0,1.00,0,0,0,0,0,0.00,0,0.00,0.00,0,0,0.000,0,1,0,0,0,0.00,0.00,10.59,,
15,"Landon
                                                                        Meyer",Landon Meyer,Johnstown Mill Rats,JNT,Landon Meyer (JNT),So,C,18,No,2,0,0,0,0,0,0.67,2,0,0,0,0,0.00,0,0.00,3.00,0,0,0.500,0,0,0,0,0,26.87,0.00,7.59,,
21,"Coley
                                                                        Stevens",Coley Stevens,Lafayette Aviators,LAF,Coley Stevens (LAF),Jr,RHP,17,No,3,3,1,1,0,0,16.00,20,9,9,2,8,4.50,0,5.06,1.38,4,1,0.317,0,4,0,0,0,11.25,1.13,7.72,,
7,"Elliott
                                                                        Rossell",Elliott Rossell,Lafayette Aviators,LAF,Elliott Rossell (LAF),Fr,RHP,17,No,3,3,1,1,0,1,15.00,9,5,2,8,12,7.20,0,1.20,1.13,2,0,0.170,1,2,0,0,0,5.40,4.80,7.99,,
45,"Evan
                                                                        Cooke",Evan Cooke,Lafayette Aviators,LAF,Evan Cooke (LAF),Fr,RHP,17,No,3,2,2,0,0,0,13.67,10,7,5,8,13,8.56,0,3.29,1.32,4,0,0.200,0,2,0,0,1,6.58,5.27,7.88,,
38,"Zach
                                                                        Wyatt",Zach Wyatt,Lafayette Aviators,LAF,Zach Wyatt (LAF),Fr,RHP,17,No,2,2,1,1,0,0,11.00,16,8,6,2,7,5.73,2,4.91,1.64,2,0,0.340,0,1,0,0,0,13.09,1.64,9.50,,
13,"Ty
                                                                        Bradle",Ty Bradle,Lafayette Aviators,LAF,Ty Bradle (LAF),Fr,RHP,17,No,3,1,1,1,0,0,9.33,9,9,9,11,7,6.75,0,8.68,2.14,2,1,0.281,0,1,0,2,0,8.68,10.61,9.95,,
1,"Gannon
                                                                        Wentz",Gannon Wentz,Lafayette Aviators,LAF,Gannon Wentz (LAF),Fr,RHP,17,No,6,0,2,1,0,0,9.33,5,6,5,9,11,10.61,0,4.82,1.50,1,0,0.167,2,0,0,1,1,4.82,8.68,8.13,,
28,"Michael
                                                                        Castaneda",Michael Castaneda,Lafayette Aviators,LAF,Michael Castaneda (LAF),Fr,RHP,17,No,3,0,0,0,0,0,8.33,7,4,4,4,9,9.72,0,4.32,1.32,1,0,0.226,1,1,1,0,1,7.56,4.32,7.23,,
29,"Corbin
                                                                        Payne",Corbin Payne,Lafayette Aviators,LAF,Corbin Payne (LAF),Fr,LHP,17,No,4,0,1,0,0,0,8.33,0,1,1,5,13,14.04,0,1.08,0.60,0,0,0.000,1,3,0,0,0,0.00,5.40,7.35,,
24,"Jonathan
                                                                        Phipps",Jonathan Phipps,Lafayette Aviators,LAF,Jonathan Phipps (LAF),So,RHP,17,No,3,2,0,0,0,0,8.33,13,13,13,7,9,9.72,1,14.04,2.40,1,0,0.342,2,6,0,0,0,14.05,7.56,11.67,,
32,"Owen
                                                                        Norris",Owen Norris,Lafayette Aviators,LAF,Owen Norris (LAF),Fr,LHP,17,No,3,0,0,0,1,0,7.33,7,4,4,4,12,14.73,2,4.91,1.50,0,0,0.241,1,1,0,0,0,8.59,4.91,9.91,,
22,"Jeremy
                                                                        Crider",Jeremy Crider,Lafayette Aviators,LAF,Jeremy Crider (LAF),Fr,RHP,17,No,5,0,0,0,1,0,6.67,9,4,0,5,7,9.45,0,0.00,2.10,0,0,0.310,2,2,0,0,0,12.14,6.75,8.64,,
23,"Eric
                                                                        Tenery",Eric Tenery,Lafayette Aviators,LAF,Eric Tenery (LAF),Fr,LHP,17,No,3,2,0,1,0,0,6.67,11,10,10,5,7,9.45,2,13.50,2.40,2,0,0.379,1,0,0,0,1,14.84,6.75,11.64,,
39,"Elijah
                                                                        Griffith",Elijah Griffith,Lafayette Aviators,LAF,Elijah Griffith (LAF),Fr,RHP,17,No,2,2,0,2,0,0,6.00,10,10,8,6,4,6.00,1,12.00,2.67,2,0,0.345,1,0,0,0,0,15.00,9.00,11.43,,
33,"Sam
                                                                        Corbett",Sam Corbett,Lafayette Aviators,LAF,Sam Corbett (LAF),Sr,LHP,17,No,2,0,0,0,0,0,4.00,8,5,4,1,3,6.75,1,9.00,2.25,1,0,0.421,0,0,0,1,0,18.00,2.25,10.09,,
2,"Caden
                                                                        Wilburn",Caden Wilburn,Lafayette Aviators,LAF,Caden Wilburn (LAF),So,LHP,17,No,3,0,0,0,0,0,4.00,6,8,8,1,8,18.00,2,18.00,1.75,1,0,0.333,2,3,0,0,0,13.50,2.25,13.09,,
20,"Brooks
                                                                        Sailors",Brooks Sailors,Lafayette Aviators,LAF,Brooks Sailors (LAF),Jr,C,17,No,1,0,0,0,0,0,0.67,2,1,1,0,1,13.50,0,13.50,3.00,0,0,0.500,1,0,0,0,0,26.87,0.00,4.61,,
23,"Graham
                                                                        Kasey",Graham Kasey,Normal CornBelters,NOR,Graham Kasey (NOR),So,LHP,17,No,4,4,2,2,0,0,16.33,13,7,3,11,18,9.92,0,1.65,1.47,1,1,0.265,0,3,0,0,0,7.16,6.06,7.96,,
15,"Slater
                                                                        Wilcox",Slater Wilcox,Normal CornBelters,NOR,Slater Wilcox (NOR),Fr,RHP,17,No,3,3,1,0,0,0,13.00,10,3,3,6,19,13.15,0,2.08,1.23,2,0,0.208,0,3,0,0,0,6.92,4.15,6.75,,
19,"Logan
                                                                        Barnett",Logan Barnett,Normal CornBelters,NOR,Logan Barnett (NOR),Fr,RHP,17,No,7,0,0,0,1,0,12.67,5,1,1,4,10,7.11,0,0.71,0.71,0,0,0.122,2,1,0,0,0,3.55,2.84,7.20,,
11,"Cole
                                                                        Martz",Cole Martz,Normal CornBelters,NOR,Cole Martz (NOR),Fr,RHP,17,No,3,3,0,2,0,0,11.00,13,12,11,6,14,11.45,1,9.00,1.73,5,1,0.295,1,3,0,0,0,10.64,4.91,8.68,,
21,"Zach
                                                                        Courson",Zach Courson,Normal CornBelters,NOR,Zach Courson (NOR),So,RHP,17,No,4,1,0,0,0,0,10.00,6,2,2,2,12,10.80,0,1.80,0.80,0,0,0.250,1,2,0,0,0,5.40,1.80,6.39,,
20,"Alex
                                                                        McHale",Alex McHale,Normal CornBelters,NOR,Alex McHale (NOR),Fr,RHP,17,No,6,0,1,0,0,0,9.33,18,7,5,2,10,9.64,0,4.82,2.14,3,1,0.391,3,1,1,0,0,17.36,1.93,6.41,,
33,"David
                                                                        Smith",David Smith,Normal CornBelters,NOR,David Smith (NOR),So,RHP,17,No,7,1,1,0,0,0,8.67,11,10,9,9,11,11.42,1,9.35,2.31,1,0,0.314,1,2,0,0,0,11.42,9.34,10.36,,
32,"Malachi
                                                                        Paplanus",Malachi Paplanus,Normal CornBelters,NOR,Malachi Paplanus (NOR),Fr,RHP,17,No,4,0,1,0,0,0,7.67,6,5,5,4,6,7.04,0,5.87,1.30,2,0,0.207,0,2,0,0,0,7.04,4.69,8.37,,
34,"Lane
                                                                        Funneman",Lane Funneman,Normal CornBelters,NOR,Lane Funneman (NOR),Jr,LHP,17,No,2,2,0,1,0,0,7.33,14,10,9,3,4,4.91,0,11.05,2.32,2,0,0.412,1,2,0,0,0,17.19,3.68,8.55,,
22,"Zach
                                                                        O'Donnell",Zach O'Donnell,Normal CornBelters,NOR,Zach O'Donnell (NOR),So,LHP,17,No,6,0,1,0,0,0,7.33,4,2,2,2,7,8.59,0,2.45,0.82,0,0,0.200,0,1,0,0,0,4.91,2.46,6.91,,
35,"Austin
                                                                        Berggren",Austin Berggren,Normal CornBelters,NOR,Austin Berggren (NOR),So,RHP,17,No,2,0,1,0,0,0,7.00,7,1,1,2,10,12.86,0,1.29,1.29,0,0,0.259,1,0,0,0,0,9.00,2.57,5.59,,
31,"Trey
                                                                        Bryant",Trey Bryant,Normal CornBelters,NOR,Trey Bryant (NOR),Jr,RHP,17,No,7,0,0,0,0,0,6.33,16,11,11,5,4,5.68,1,15.63,3.32,3,2,0.571,0,2,0,2,0,22.75,7.11,11.70,,
10,"PJ
                                                                        Rogan",PJ Rogan,Normal CornBelters,NOR,PJ Rogan (NOR),Fr,LHP,17,No,3,0,0,0,0,0,5.67,10,6,3,4,3,4.76,0,4.76,2.47,2,0,0.435,0,1,0,1,2,15.87,6.35,9.18,,
2,"Tyler
                                                                        Altenbaumer",Tyler Altenbaumer,Normal CornBelters,NOR,Tyler Altenbaumer (NOR),So,RHP,17,No,5,1,0,0,0,0,5.33,13,14,10,7,9,15.19,0,16.88,3.75,1,0,0.419,2,1,0,0,0,21.95,11.82,8.72,,
12,"Peyton
                                                                        Niksch",Peyton Niksch,Normal CornBelters,NOR,Peyton Niksch (NOR),Fr,RHP,17,No,1,1,0,1,0,0,5.00,5,1,1,0,6,10.80,0,1.80,1.00,0,0,0.250,0,0,0,0,0,9.00,0.00,5.19,,
25,"Nick
                                                                        Rainey",Nick Rainey,Normal CornBelters,NOR,Nick Rainey (NOR),So,RHP,17,No,6,0,0,1,0,0,4.67,7,7,5,5,5,9.64,0,9.64,2.57,3,0,0.318,1,0,0,0,0,13.49,9.64,8.66,,
39,"Drake
                                                                        Downing",Drake Downing,Normal CornBelters,NOR,Drake Downing (NOR),Jr,RHP,17,No,1,1,0,1,0,0,3.33,2,2,1,3,1,2.70,0,2.70,1.50,1,1,0.167,0,0,0,0,1,5.41,8.11,9.69,,
8,"Ryne
                                                                        Willard",Ryne Willard,Normal CornBelters,NOR,Ryne Willard (NOR),So,LHP,17,No,5,0,0,0,0,0,3.33,6,2,2,3,4,10.80,0,5.40,2.70,2,0,0.429,0,0,0,0,0,16.22,8.11,7.89,,
99,"Alex
                                                                        Willey",Alex Willey,Normal CornBelters,NOR,Alex Willey (NOR),So,RHP,17,No,3,0,0,1,0,0,2.67,1,2,2,4,4,13.50,0,6.75,1.88,1,0,0.111,3,1,0,0,0,3.37,13.48,10.21,,
37,"Lucas
                                                                        Winburn",Lucas Winburn,Normal CornBelters,NOR,Lucas Winburn (NOR),Fr,RHP,17,No,1,0,0,1,0,0,0.00,0,1,0,1,0,0.00,0,0.00,0.00,0,0,0.000,0,0,0,0,0,0,0,0,,
2,"Kade
                                                                        Wood",Kade Wood,O'Fallon Hoots,OFL,Kade Wood (OFL),Sr,IF,17,No,2,0,0,0,0,0,1.33,1,1,1,1,2,13.50,0,6.75,1.50,1,0,0.200,0,0,0,0,0,6.77,6.77,6.84,,
8,"Christian
                                                                        Harvey",Christian Harvey,O'Fallon Hoots,OFL,Christian Harvey (OFL),So,RHP,17,No,5,0,1,1,0,0,8.67,5,6,5,7,13,13.50,0,5.19,1.38,1,0,0.167,1,1,0,1,0,5.19,7.27,7.36,,
12,"Eddie
                                                                        Ahearn",Eddie Ahearn,O'Fallon Hoots,OFL,Eddie Ahearn (OFL),Fr,C,17,No,4,0,0,0,0,0,8.00,8,1,1,2,6,6.75,1,1.13,1.25,1,0,0.250,0,0,0,0,0,9.00,2.25,8.47,,
16,"Peter
                                                                        Underwood",Peter Underwood,O'Fallon Hoots,OFL,Peter Underwood (OFL),Fr,RHP,17,No,3,3,1,0,0,0,13.00,9,8,5,7,9,6.23,1,3.46,1.23,2,1,0.196,2,1,0,0,1,6.23,4.85,9.05,,
20,"Daniel
                                                                        Darin",Daniel Darin,O'Fallon Hoots,OFL,Daniel Darin (OFL),Fr,LHP,17,No,4,0,0,0,0,0,4.67,6,4,4,5,5,9.64,0,7.71,2.36,1,0,0.316,0,2,0,0,0,11.56,9.64,9.95,,
21,"Ryan
                                                                        Hoshaw",Ryan Hoshaw,O'Fallon Hoots,OFL,Ryan Hoshaw (OFL),Jr,LHP,17,No,3,3,1,2,0,0,9.67,17,7,7,3,7,6.52,0,6.52,2.07,1,1,0.405,0,1,0,1,0,15.82,2.79,7.39,,
25,"Sam
                                                                        Cardwell",Sam Cardwell,O'Fallon Hoots,OFL,Sam Cardwell (OFL),Fr,RHP,17,No,4,0,0,0,0,0,4.00,12,15,14,6,5,11.25,0,31.50,4.50,2,0,0.500,1,3,0,0,0,27.00,13.50,11.84,,
27,"Markell
                                                                        Dixon",Markell Dixon,O'Fallon Hoots,OFL,Markell Dixon (OFL),Jr,RHP,17,No,6,0,2,0,1,0,8.33,4,0,0,7,14,15.12,0,0.00,1.32,0,0,0.143,2,1,0,0,0,4.32,7.56,7.11,,
29,"Brady
                                                                        Coon",Brady Coon,O'Fallon Hoots,OFL,Brady Coon (OFL),Fr,OF,17,No,3,0,2,0,0,0,6.33,7,3,3,4,4,5.68,1,4.26,1.74,1,1,0.292,2,0,0,0,0,9.95,5.69,10.28,,
31,"Andy
                                                                        Niebrugge",Andy Niebrugge,O'Fallon Hoots,OFL,Andy Niebrugge (OFL),Jr,IF,17,No,1,0,0,0,0,0,0.67,0,0,0,1,0,0.00,0,0.00,1.50,0,0,0.000,1,0,0,0,0,0.00,13.43,12.07,,
32,"Noah
                                                                        Cryns",Noah Cryns,O'Fallon Hoots,OFL,Noah Cryns (OFL),Fr,RHP,17,No,2,0,0,0,0,0,3.00,5,3,2,3,2,6.00,0,6.00,2.67,0,0,0.385,1,0,0,0,0,15.00,9.00,9.26,,
34,"Wyatt
                                                                        Brown",Wyatt Brown,O'Fallon Hoots,OFL,Wyatt Brown (OFL),Fr,RHP,17,No,1,0,0,0,0,0,0.00,2,5,4,2,0,0.00,1,1000.00,0.00,0,0,0.667,1,0,0,0,0,0,0,0,,
35,"Owen
                                                                        Kelly",Owen Kelly,O'Fallon Hoots,OFL,Owen Kelly (OFL),Fr,RHP,17,No,3,3,2,0,0,0,16.00,11,4,4,1,21,11.81,1,2.25,0.75,2,1,0.186,0,0,0,0,0,6.19,0.56,5.97,,
36,"Brayden
                                                                        Rubel",Brayden Rubel,O'Fallon Hoots,OFL,Brayden Rubel (OFL),Fr,LHP,17,No,5,1,0,1,1,0,9.67,7,9,9,8,7,6.52,1,8.38,1.55,1,0,0.206,2,1,0,1,0,6.51,7.45,10.28,,
37,"Connor
                                                                        McCaleb",Connor McCaleb,O'Fallon Hoots,OFL,Connor McCaleb (OFL),Fr,RHP,17,No,3,2,0,2,0,0,10.67,16,12,12,4,10,8.44,2,10.13,1.88,6,0,0.333,2,2,0,1,0,13.50,3.37,9.84,,
38,"Barrett
                                                                        Lohman",Barrett Lohman,O'Fallon Hoots,OFL,Barrett Lohman (OFL),So,RHP,17,No,4,3,0,0,0,0,11.33,9,2,2,4,12,9.53,0,1.59,1.15,0,0,0.225,1,1,0,1,0,7.15,3.18,6.80,,
39,"Camron
                                                                        Poe",Camron Poe,O'Fallon Hoots,OFL,Camron Poe (OFL),Fr,LHP,17,No,3,0,0,0,0,0,4.67,2,3,2,3,4,7.71,0,3.86,1.07,1,0,0.167,3,4,0,1,1,3.85,5.78,10.38,,
40,"Joshua
                                                                        Cunningham",Joshua Cunningham,O'Fallon Hoots,OFL,Joshua Cunningham (OFL),Fr,RHP,17,No,6,0,1,1,0,0,10.33,11,4,4,4,15,13.06,2,3.48,1.45,3,0,0.275,0,1,0,1,1,9.58,3.48,8.66,,
41,"Jackson
                                                                        Yarberry",Jackson Yarberry,O'Fallon Hoots,OFL,Jackson Yarberry (OFL),Fr,RHP,17,No,3,3,1,0,0,0,15.00,5,3,1,7,19,11.40,0,0.60,0.80,1,0,0.104,2,0,0,0,0,3.00,4.20,6.46,,
44,"Will
                                                                        Moore",Will Moore,O'Fallon Hoots,OFL,Will Moore (OFL),Fr,RHP,17,No,1,0,0,0,0,0,0.67,4,6,2,1,0,0.00,0,27.00,7.50,1,0,0.667,1,2,1,0,0,53.73,13.43,21.03,,
22,"Deron
                                                                        Swanson",Deron Swanson,REX Baseball,TER,Deron Swanson (TER),Jr,LHP,15,No,3,2,1,0,0,0,12.67,6,3,2,3,14,9.95,1,1.42,0.71,3,0,0.130,0,1,0,0,0,4.26,2.13,7.36,,
33,"Samuel
                                                                        Guadamuz",Samuel Guadamuz,REX Baseball,TER,Samuel Guadamuz (TER),So,RHP,15,No,3,3,0,2,0,0,12.33,18,10,10,7,14,10.22,2,7.30,2.03,2,1,0.353,3,2,0,1,0,13.14,5.11,9.62,,
36,"Dylan
                                                                        Zentko",Dylan Zentko,REX Baseball,TER,Dylan Zentko (TER),So,LHP,15,No,5,2,0,2,0,0,11.67,10,6,6,5,16,12.34,2,4.63,1.29,3,0,0.233,0,3,0,0,0,7.71,3.86,9.13,,
30,"Brett
                                                                        Sherrard",Brett Sherrard,REX Baseball,TER,Brett Sherrard (TER),Fr,RHP,15,No,3,1,1,0,0,0,11.00,9,5,5,1,18,14.73,1,4.09,0.91,1,0,0.209,1,0,0,0,0,7.36,0.82,5.77,,
29,"Kaleb
                                                                        Marrs",Kaleb Marrs,REX Baseball,TER,Kaleb Marrs (TER),Fr,RHP,15,No,3,2,0,0,0,0,8.33,7,3,3,6,6,6.48,0,3.24,1.56,4,0,0.241,0,1,0,1,0,7.56,6.48,8.67,,
26,"Landen
                                                                        Ray",Landen Ray,REX Baseball,TER,Landen Ray (TER),So,RHP,15,No,4,1,0,1,0,0,8.33,16,14,8,2,5,5.40,0,8.64,2.16,3,2,0.390,0,1,0,1,0,17.29,2.16,7.47,,
7,"Breyllin
                                                                        Suriel",Breyllin Suriel,REX Baseball,TER,Breyllin Suriel (TER),Jr,RHP,15,No,3,2,1,0,0,0,7.33,2,3,3,6,6,7.36,0,3.68,1.09,0,1,0.083,0,2,0,1,0,2.46,7.37,9.23,,
32,"Jack
                                                                        Tobin",Jack Tobin,REX Baseball,TER,Jack Tobin (TER),So,RHP,15,No,6,0,1,1,1,0,7.33,12,10,7,6,3,3.68,1,8.59,2.45,1,1,0.375,0,3,0,1,0,14.73,7.37,12.23,,
21,"Zacheus
                                                                        Carr",Zacheus Carr,REX Baseball,TER,Zacheus Carr (TER),Jr,RHP,15,No,4,0,0,0,0,0,7.00,3,6,6,8,0,0.00,0,7.71,1.57,1,0,0.130,1,4,0,0,0,3.86,10.29,12.74,,
4,"Aaron
                                                                        Moss",Aaron Moss,REX Baseball,TER,Aaron Moss (TER),So,RHP,15,No,2,1,0,1,0,0,7.00,9,2,1,0,10,12.86,0,1.29,1.29,1,0,0.300,0,0,0,0,0,11.57,0.00,4.74,,
9,"Anthony
                                                                        Jerrell",Anthony Jerrell,REX Baseball,TER,Anthony Jerrell (TER),So,RHP,15,No,4,0,1,0,0,0,6.33,6,9,8,8,4,5.68,0,11.37,2.21,1,1,0.286,2,3,0,1,0,8.53,11.37,11.54,,
3,"Christian
                                                                        Brown",Christian Brown,REX Baseball,TER,Christian Brown (TER),Fr,LHP,15,No,4,0,0,1,0,0,6.00,3,5,3,7,10,15.00,0,4.50,1.67,0,0,0.143,0,2,0,0,0,4.50,10.50,8.76,,
18,"Evan
                                                                        Chung",Evan Chung,REX Baseball,TER,Evan Chung (TER),So,RHP,15,No,4,0,0,0,0,0,5.00,6,8,6,5,4,7.20,0,10.80,2.20,2,0,0.316,0,2,0,2,1,10.80,9.00,10.19,,
20,"Tyler
                                                                        Moniz-Witten",Tyler Moniz-Witten,REX Baseball,TER,Tyler Moniz-Witten (TER),Jr,RHP,15,No,4,0,0,0,0,0,4.67,5,2,2,3,3,5.79,0,3.86,1.71,1,0,0.333,0,3,0,0,2,9.64,5.78,10.16,,
23,"Conner
                                                                        Fries",Conner Fries,REX Baseball,TER,Conner Fries (TER),Sr,RHP,15,No,1,1,0,1,0,0,4.00,8,5,4,1,4,9.00,0,9.00,2.25,3,0,0.421,1,1,0,0,0,18.00,2.25,7.09,,
37,"Jake
                                                                        Porter",Jake Porter,REX Baseball,TER,Jake Porter (TER),So,LHP,15,No,1,0,0,0,1,0,3.00,1,0,0,2,3,9.00,0,0.00,1.00,0,0,0.111,0,0,0,0,0,3.00,6.00,7.59,,
99,"Max
                                                                        McEwen",Max McEwen,REX Baseball,TER,Max McEwen (TER),So,RHP,15,No,1,0,0,0,0,0,2.00,3,1,1,2,2,9.00,0,4.50,2.50,0,0,0.375,1,0,0,0,0,13.50,9.00,8.59,,
35,"Brandt
                                                                        Munger",Brandt Munger,REX Baseball,TER,Brandt Munger (TER),Fr,RHP,15,No,2,0,1,0,1,0,2.00,0,0,0,0,4,18.00,0,0.00,0.00,0,0,0.000,0,0,0,0,0,0.00,0.00,3.59,,
19,"Kaleb
                                                                        Gengler",Kaleb Gengler,REX Baseball,TER,Kaleb Gengler (TER),So,LHP,15,No,1,0,0,0,0,0,0.67,2,0,0,0,1,13.50,0,0.00,3.00,0,0,0.500,0,0,0,0,0,26.87,0.00,4.61,,
31,"Sean
                                                                        Stone",Sean Stone,REX Baseball,TER,Sean Stone (TER),Fr,RHP,15,No,1,0,0,0,0,0,0.33,1,3,1,2,0,0.00,0,27.00,9.00,1,0,0.500,0,0,0,0,0,27.27,54.55,25.77,,
1,"Matt
                                                                        Cruise",Matt Cruise,Springfield Lucky Horseshoes,SPR,Matt Cruise (SPR),So,RHP,15,No,4,3,0,3,0,0,13.00,19,17,13,15,4,2.77,2,9.00,2.62,7,1,0.352,0,2,0,1,0,13.15,10.38,12.90,,
27,"Joshua
                                                                        Mauney",Joshua Mauney,Springfield Lucky Horseshoes,SPR,Joshua Mauney (SPR),So,RHP,15,No,5,0,1,0,0,0,13.00,15,12,8,5,6,4.15,1,5.54,1.54,2,0,0.254,2,1,0,0,0,10.38,3.46,9.05,,
3,"Trey
                                                                        Carter",Trey Carter,Springfield Lucky Horseshoes,SPR,Trey Carter (SPR),Fr,RHP,15,No,3,3,0,2,0,0,12.33,21,18,12,7,9,6.57,2,8.76,2.27,3,2,0.368,1,2,0,1,0,15.33,5.11,10.43,,
2,"Kyle
                                                                        Tyler",Kyle Tyler,Springfield Lucky Horseshoes,SPR,Kyle Tyler (SPR),Fr,IF,15,No,4,0,0,0,0,0,8.33,9,7,4,7,5,5.40,0,4.32,1.92,2,0,0.237,5,0,0,0,0,9.72,7.56,8.91,,
34,"William
                                                                        Ho",William Ho,Springfield Lucky Horseshoes,SPR,William Ho (SPR),Fr,RHP,15,No,4,0,0,0,0,0,11.33,15,6,6,2,11,8.74,0,4.76,1.50,5,0,0.306,0,1,0,1,0,11.92,1.59,6.44,,
8,"Connor
                                                                        Roark",Connor Roark,Springfield Lucky Horseshoes,SPR,Connor Roark (SPR),So,RHP,15,No,6,0,1,0,0,0,10.33,11,12,10,8,4,3.48,1,8.71,1.84,3,0,0.256,3,2,0,0,0,9.58,6.97,10.98,,
5,"Kannon
                                                                        Kirk",Kannon Kirk,Springfield Lucky Horseshoes,SPR,Kannon Kirk (SPR),Fr,IF,15,No,2,1,0,0,0,0,2.67,3,1,1,3,0,0.00,0,3.38,2.25,1,0,0.429,0,0,0,2,0,10.11,10.11,10.96,,
11,"Carson
                                                                        French",Carson French,Springfield Lucky Horseshoes,SPR,Carson French (SPR),Fr,RHP,15,No,2,1,0,0,0,0,8.67,9,7,6,6,11,11.42,0,6.23,1.73,1,0,0.273,3,1,0,0,0,9.34,6.23,7.48,,
7,"Stephen
                                                                        Eskridge",Stephen Eskridge,Springfield Lucky Horseshoes,SPR,Stephen Eskridge (SPR),Jr,LHP,15,No,4,0,0,2,1,0,4.67,7,6,6,2,12,23.14,1,11.57,1.93,2,0,0.333,2,1,0,0,0,13.49,3.85,7.16,,
20,"Isaiah
                                                                        Naylor",Isaiah Naylor,Springfield Lucky Horseshoes,SPR,Isaiah Naylor (SPR),So,LHP,15,No,4,0,0,0,1,0,7.00,2,2,0,1,6,7.71,1,0.00,0.43,0,0,0.080,0,0,0,0,0,2.57,1.29,8.16,,
22,"Lane
                                                                        Lorton",Lane Lorton,Springfield Lucky Horseshoes,SPR,Lane Lorton (SPR),Fr,RHP,15,No,3,3,0,2,0,0,6.67,4,14,8,16,4,5.40,1,10.80,3.00,0,0,0.174,0,4,0,1,0,5.40,21.59,17.34,,
15,"Logan
                                                                        Rushing",Logan Rushing,Springfield Lucky Horseshoes,SPR,Logan Rushing (SPR),So,LHP,15,No,2,2,0,2,0,0,4.00,5,9,7,8,7,15.75,0,15.75,3.25,2,0,0.294,2,1,0,1,0,11.25,18.00,10.84,,
29,"Conner
                                                                        Lutes",Conner Lutes,Springfield Lucky Horseshoes,SPR,Conner Lutes (SPR),Jr,RHP,15,No,5,0,0,0,0,0,6.00,18,19,17,3,6,9.00,3,25.50,3.50,2,0,0.486,1,4,0,0,0,27.00,4.50,15.59,,
21,"Brayson
                                                                        Shew",Brayson Shew,Springfield Lucky Horseshoes,SPR,Brayson Shew (SPR),Jr,RHP,15,No,3,0,1,0,0,0,4.67,3,1,1,1,5,9.64,0,1.93,0.86,0,0,0.188,2,1,0,1,0,5.78,1.93,6.74,,
33,"Matt
                                                                        Miscik",Matt Miscik,Springfield Lucky Horseshoes,SPR,Matt Miscik (SPR),So,RHP,15,No,3,0,0,0,0,0,4.67,1,2,2,5,7,13.50,0,3.86,1.29,0,0,0.077,3,2,0,2,0,1.93,9.64,9.09,,
24,"Collin
                                                                        Netto",Collin Netto,Springfield Lucky Horseshoes,SPR,Collin Netto (SPR),So,RHP,15,No,1,1,0,1,0,0,2.00,4,5,1,3,1,4.50,1,4.50,3.50,0,0,0.364,1,0,0,0,0,18.00,13.50,17.59,,
28,"Brody
                                                                        McNiel",Brody McNiel,Springfield Lucky Horseshoes,SPR,Brody McNiel (SPR),Fr,LHP,15,No,1,1,0,0,0,0,1.67,1,3,3,3,5,27.00,0,16.20,2.40,0,0,0.167,0,2,0,0,0,5.39,16.17,10.59,,
22,"Preston
                                                                        Drebes",Preston Drebes,Thrillville Thrillbillies,THR,Preston Drebes (THR),So,RHP,16,No,4,2,3,0,0,0,14.67,9,5,4,4,9,5.52,2,2.45,0.89,0,0,0.167,1,4,0,0,0,5.52,2.45,9.77,,
27,"Mike
                                                                        Sokol",Mike Sokol,Thrillville Thrillbillies,THR,Mike Sokol (THR),Jr,RHP,16,No,3,2,2,0,0,0,12.00,13,5,5,5,11,8.25,0,3.75,1.50,2,0,0.302,3,1,0,1,0,9.75,3.75,7.26,,
6,"Eli
                                                                        Maynor",Eli Maynor,Thrillville Thrillbillies,THR,Eli Maynor (THR),Fr,RHP,16,No,3,0,0,1,0,0,3.67,7,8,4,1,2,4.91,0,9.82,2.18,0,0,0.389,1,0,0,0,1,17.17,2.45,7.32,,
19,"Karsten
                                                                        Stotlar",Karsten Stotlar,Thrillville Thrillbillies,THR,Karsten Stotlar (THR),Jr,LHP,16,No,3,2,1,0,0,0,12.00,8,3,3,5,13,9.75,1,2.25,1.08,2,0,0.178,1,0,0,0,0,6.00,3.75,7.76,,
11,"Jon
                                                                        Montagne",Jon Montagne,Thrillville Thrillbillies,THR,Jon Montagne (THR),So,LHP,16,No,3,0,0,0,0,0,3.33,2,2,2,3,3,8.10,0,5.40,1.50,0,0,0.182,2,2,0,0,0,5.41,8.11,10.30,,
31,"Blaine
                                                                        Albright",Blaine Albright,Thrillville Thrillbillies,THR,Blaine Albright (THR),Fr,LHP,16,No,3,3,0,0,0,0,10.00,7,2,1,8,14,12.60,0,0.90,1.50,2,0,0.194,2,2,0,0,0,6.30,7.20,7.79,,
14,"Matt
                                                                        Tarr",Matt Tarr,Thrillville Thrillbillies,THR,Matt Tarr (THR),So,RHP,16,No,5,0,0,0,1,0,6.33,10,7,7,3,5,7.11,0,9.95,2.05,5,1,0.370,4,2,0,0,0,14.22,4.27,8.38,,
32,"Zach
                                                                        Sims",Zach Sims,Thrillville Thrillbillies,THR,Zach Sims (THR),Fr,LHP,16,No,3,2,0,0,0,0,10.00,7,4,4,2,18,16.20,0,3.60,0.90,1,1,0.189,3,0,3,0,0,6.30,1.80,4.59,,
15,"Dalton
                                                                        Hitt",Dalton Hitt,Thrillville Thrillbillies,THR,Dalton Hitt (THR),Jr,LHP,16,No,3,0,0,0,1,0,4.33,9,9,9,5,4,8.31,1,18.69,3.23,1,0,0.450,4,1,0,0,0,18.71,10.39,12.90,,
18,"Jacob
                                                                        Hustedde",Jacob Hustedde,Thrillville Thrillbillies,THR,Jacob Hustedde (THR),Fr,RHP,16,No,2,2,0,1,0,0,8.33,10,6,5,4,7,7.56,0,5.40,1.68,3,0,0.294,0,0,0,1,0,10.80,4.32,7.35,,
37,"J.Henry
                                                                        Hobson",J.Henry Hobson,Thrillville Thrillbillies,THR,J.Henry Hobson (THR),Jr,RHP,16,No,2,2,1,0,0,0,8.00,9,5,5,2,5,5.63,1,5.63,1.38,1,0,0.273,1,1,0,1,0,10.13,2.25,9.09,,
33,"Ben
                                                                        Tedesco",Ben Tedesco,Thrillville Thrillbillies,THR,Ben Tedesco (THR),So,RHP,16,No,4,0,3,0,0,0,7.33,3,0,0,0,9,11.05,0,0.00,0.41,0,0,0.115,1,0,0,0,0,3.68,0.00,5.14,,
21,"Kale
                                                                        Cameron",Kale Cameron,Thrillville Thrillbillies,THR,Kale Cameron (THR),So,RHP,16,No,4,0,1,0,0,0,6.00,10,6,6,3,6,9.00,1,9.00,2.17,0,0,0.357,0,0,0,0,0,15.00,4.50,9.26,,
26,"Zach
                                                                        Haygood",Zach Haygood,Thrillville Thrillbillies,THR,Zach Haygood (THR),Jr,RHP,16,No,5,0,1,0,1,0,6.67,7,5,4,2,7,9.45,1,5.40,1.35,2,0,0.280,1,1,0,0,1,9.45,2.70,8.79,,
23,"Austin
                                                                        Gast",Austin Gast,Thrillville Thrillbillies,THR,Austin Gast (THR),Jr,RHP,16,No,3,0,0,0,0,0,5.67,5,1,1,2,8,12.71,0,1.59,1.24,0,0,0.238,2,1,0,0,1,7.94,3.17,6.36,,
99,"Matthew
                                                                        Derrick",Matthew Derrick,Thrillville Thrillbillies,THR,Matthew Derrick (THR),So,RHP,16,No,3,0,1,0,0,0,6.00,5,1,1,2,6,9.00,0,1.50,1.17,1,0,0.217,0,3,0,0,0,7.50,3.00,8.09,,
29,"Max
                                                                        Shelburn",Max Shelburn,Thrillville Thrillbillies,THR,Max Shelburn (THR),So,RHP,16,No,1,0,0,0,0,0,1.00,1,0,0,0,1,9.00,0,0.00,1.00,0,0,0.250,0,0,0,0,0,9.00,0.00,5.59,,
52,"Jackson
                                                                        Conn",Jackson Conn,Thrillville Thrillbillies,THR,Jackson Conn (THR),Jr,RHP,16,No,4,0,0,1,0,0,4.67,3,2,0,7,8,15.43,0,0.00,2.14,0,0,0.200,2,0,0,1,0,5.78,13.49,8.66,,
30,"Chris
                                                                        Zajac",Chris Zajac,Thrillville Thrillbillies,THR,Chris Zajac (THR),Fr,LHP,16,No,2,1,0,0,0,0,4.67,2,2,2,4,6,11.57,0,3.86,1.29,0,0,0.133,0,1,0,0,0,3.85,7.71,8.23,,
-,,League Totals/Averages,-,-,-,-,-,-,-,,296,149,149,54,2,2485.95,2442,1876,1519,1536,2500,9.05,133,5.50,1.60,455,65,,384,463,35,112,44,8.84,5.56,5.50,,
